present_1.odp;C:\Users\temych\PycharmProjects\sortFiles\forTest\folder 1\present_1.odp;present_2.odp;C:\Users\temych\PycharmProjects\sortFiles\forTest\folder 1\present_2.odp
present_1.odp;C:\Users\temych\PycharmProjects\sortFiles\forTest\folder 1\present_1.odp;text_book_1.txt;C:\Users\temych\PycharmProjects\sortFiles\forTest\folder 1\text_book_1.txt
0_0.txt;C:\Users\temych\PycharmProjects\sortFiles\forTest\folder 1\0_0.txt;0_.txt;C:\Users\temych\PycharmProjects\sortFiles\forTest\folder 2\0_.txt
qwerty1.txt;C:\Users\temych\PycharmProjects\sortFiles\forTest\folder 1\qwerty1.txt;qwerty2.txt;C:\Users\temych\PycharmProjects\sortFiles\forTest\folder 2\qwerty2.txt
text_1.rtf;C:\Users\temych\PycharmProjects\sortFiles\forTest\folder 2\text_1.rtf;text_2.rtf;C:\Users\temych\PycharmProjects\sortFiles\forTest\folder 2\text_2.rtf
present_1.odp;C:\Users\temych\PycharmProjects\sortFiles\forTest\folder 1\present_1.odp;text_book_2.txt;C:\Users\temych\PycharmProjects\sortFiles\forTest\folder 3\text_book_2.txt
present_1.odp;C:\Users\temych\PycharmProjects\sortFiles\forTest\folder 1\present_1.odp;present_2.odp;C:\Users\temych\PycharmProjects\sortFiles\from\present_2.odp
text_1.rtf;C:\Users\temych\PycharmProjects\sortFiles\forTest\folder 2\text_1.rtf;text_2.rtf;C:\Users\temych\PycharmProjects\sortFiles\from\text_2.rtf
present_1.odp;C:\Users\temych\PycharmProjects\sortFiles\forTest\folder 1\present_1.odp;text_book_1.txt;C:\Users\temych\PycharmProjects\sortFiles\from\text_book_1.txt
present_1.odp;C:\Users\temych\PycharmProjects\sortFiles\forTest\folder 1\present_1.odp;text_book_2.txt;C:\Users\temych\PycharmProjects\sortFiles\from\text_book_2.txt
present_1.odp;C:\Users\temych\PycharmProjects\sortFiles\forTest\folder 1\present_1.odp;pip-22.3.1.virtualenv;C:\Users\temych\PycharmProjects\sortFiles\venv\Lib\site-packages\pip-22.3.1.virtualenv
present_1.odp;C:\Users\temych\PycharmProjects\sortFiles\forTest\folder 1\present_1.odp;setuptools-65.5.1.virtualenv;C:\Users\temych\PycharmProjects\sortFiles\venv\Lib\site-packages\setuptools-65.5.1.virtualenv
present_1.odp;C:\Users\temych\PycharmProjects\sortFiles\forTest\folder 1\present_1.odp;wheel-0.38.4.virtualenv;C:\Users\temych\PycharmProjects\sortFiles\venv\Lib\site-packages\wheel-0.38.4.virtualenv
present_1.odp;C:\Users\temych\PycharmProjects\sortFiles\forTest\folder 1\present_1.odp;__init__.py;C:\Users\temych\PycharmProjects\sortFiles\venv\Lib\site-packages\alive_progress\core\__init__.py
present_1.odp;C:\Users\temych\PycharmProjects\sortFiles\forTest\folder 1\present_1.odp;REQUESTED;C:\Users\temych\PycharmProjects\sortFiles\venv\Lib\site-packages\alive_progress-3.1.5.dist-info\REQUESTED
present_1.odp;C:\Users\temych\PycharmProjects\sortFiles\forTest\folder 1\present_1.odp;py.typed;C:\Users\temych\PycharmProjects\sortFiles\venv\Lib\site-packages\packaging\py.typed
present_1.odp;C:\Users\temych\PycharmProjects\sortFiles\forTest\folder 1\present_1.odp;__init__.py;C:\Users\temych\PycharmProjects\sortFiles\venv\Lib\site-packages\pip\_internal\operations\__init__.py
present_1.odp;C:\Users\temych\PycharmProjects\sortFiles\forTest\folder 1\present_1.odp;__init__.py;C:\Users\temych\PycharmProjects\sortFiles\venv\Lib\site-packages\pip\_internal\operations\build\__init__.py
present_1.odp;C:\Users\temych\PycharmProjects\sortFiles\forTest\folder 1\present_1.odp;__init__.py;C:\Users\temych\PycharmProjects\sortFiles\venv\Lib\site-packages\pip\_internal\resolution\__init__.py
present_1.odp;C:\Users\temych\PycharmProjects\sortFiles\forTest\folder 1\present_1.odp;__init__.py;C:\Users\temych\PycharmProjects\sortFiles\venv\Lib\site-packages\pip\_internal\resolution\legacy\__init__.py
present_1.odp;C:\Users\temych\PycharmProjects\sortFiles\forTest\folder 1\present_1.odp;__init__.py;C:\Users\temych\PycharmProjects\sortFiles\venv\Lib\site-packages\pip\_internal\resolution\resolvelib\__init__.py
present_1.odp;C:\Users\temych\PycharmProjects\sortFiles\forTest\folder 1\present_1.odp;__init__.py;C:\Users\temych\PycharmProjects\sortFiles\venv\Lib\site-packages\pip\_internal\utils\__init__.py
present_1.odp;C:\Users\temych\PycharmProjects\sortFiles\forTest\folder 1\present_1.odp;__init__.py;C:\Users\temych\PycharmProjects\sortFiles\venv\Lib\site-packages\pip\_vendor\chardet\cli\__init__.py
present_1.odp;C:\Users\temych\PycharmProjects\sortFiles\forTest\folder 1\present_1.odp;__init__.py;C:\Users\temych\PycharmProjects\sortFiles\venv\Lib\site-packages\pip\_vendor\chardet\metadata\__init__.py
present_1.odp;C:\Users\temych\PycharmProjects\sortFiles\forTest\folder 1\present_1.odp;__init__.py;C:\Users\temych\PycharmProjects\sortFiles\venv\Lib\site-packages\pip\_vendor\resolvelib\compat\__init__.py
present_1.odp;C:\Users\temych\PycharmProjects\sortFiles\forTest\folder 1\present_1.odp;__init__.py;C:\Users\temych\PycharmProjects\sortFiles\venv\Lib\site-packages\pip\_vendor\urllib3\contrib\__init__.py
present_1.odp;C:\Users\temych\PycharmProjects\sortFiles\forTest\folder 1\present_1.odp;__init__.py;C:\Users\temych\PycharmProjects\sortFiles\venv\Lib\site-packages\pip\_vendor\urllib3\contrib\_securetransport\__init__.py
present_1.odp;C:\Users\temych\PycharmProjects\sortFiles\forTest\folder 1\present_1.odp;__init__.py;C:\Users\temych\PycharmProjects\sortFiles\venv\Lib\site-packages\pip\_vendor\urllib3\packages\__init__.py
present_1.odp;C:\Users\temych\PycharmProjects\sortFiles\forTest\folder 1\present_1.odp;__init__.py;C:\Users\temych\PycharmProjects\sortFiles\venv\Lib\site-packages\pip\_vendor\urllib3\packages\backports\__init__.py
INSTALLER;C:\Users\temych\PycharmProjects\sortFiles\venv\Lib\site-packages\about_time-4.2.1.dist-info\INSTALLER;top_level.txt;C:\Users\temych\PycharmProjects\sortFiles\venv\Lib\site-packages\pip-22.3.1.dist-info\top_level.txt
present_1.odp;C:\Users\temych\PycharmProjects\sortFiles\forTest\folder 1\present_1.odp;__init__.py;C:\Users\temych\PycharmProjects\sortFiles\venv\Lib\site-packages\pkg_resources\_vendor\__init__.py
present_1.odp;C:\Users\temych\PycharmProjects\sortFiles\forTest\folder 1\present_1.odp;__init__.py;C:\Users\temych\PycharmProjects\sortFiles\venv\Lib\site-packages\pkg_resources\_vendor\jaraco\__init__.py
hook-PyQt5.QAxContainer.py;C:\Users\temych\PycharmProjects\sortFiles\venv\Lib\site-packages\PyInstaller\hooks\hook-PyQt5.QAxContainer.py;hook-PyQt5.Qsci.py;C:\Users\temych\PycharmProjects\sortFiles\venv\Lib\site-packages\PyInstaller\hooks\hook-PyQt5.Qsci.py
hook-PyQt5.QAxContainer.py;C:\Users\temych\PycharmProjects\sortFiles\venv\Lib\site-packages\PyInstaller\hooks\hook-PyQt5.QAxContainer.py;hook-PyQt5.Qt3DAnimation.py;C:\Users\temych\PycharmProjects\sortFiles\venv\Lib\site-packages\PyInstaller\hooks\hook-PyQt5.Qt3DAnimation.py
hook-PyQt5.QAxContainer.py;C:\Users\temych\PycharmProjects\sortFiles\venv\Lib\site-packages\PyInstaller\hooks\hook-PyQt5.QAxContainer.py;hook-PyQt5.Qt3DCore.py;C:\Users\temych\PycharmProjects\sortFiles\venv\Lib\site-packages\PyInstaller\hooks\hook-PyQt5.Qt3DCore.py
hook-PyQt5.QAxContainer.py;C:\Users\temych\PycharmProjects\sortFiles\venv\Lib\site-packages\PyInstaller\hooks\hook-PyQt5.QAxContainer.py;hook-PyQt5.Qt3DExtras.py;C:\Users\temych\PycharmProjects\sortFiles\venv\Lib\site-packages\PyInstaller\hooks\hook-PyQt5.Qt3DExtras.py
hook-PyQt5.QAxContainer.py;C:\Users\temych\PycharmProjects\sortFiles\venv\Lib\site-packages\PyInstaller\hooks\hook-PyQt5.QAxContainer.py;hook-PyQt5.Qt3DInput.py;C:\Users\temych\PycharmProjects\sortFiles\venv\Lib\site-packages\PyInstaller\hooks\hook-PyQt5.Qt3DInput.py
hook-PyQt5.QAxContainer.py;C:\Users\temych\PycharmProjects\sortFiles\venv\Lib\site-packages\PyInstaller\hooks\hook-PyQt5.QAxContainer.py;hook-PyQt5.Qt3DLogic.py;C:\Users\temych\PycharmProjects\sortFiles\venv\Lib\site-packages\PyInstaller\hooks\hook-PyQt5.Qt3DLogic.py
hook-PyQt5.QAxContainer.py;C:\Users\temych\PycharmProjects\sortFiles\venv\Lib\site-packages\PyInstaller\hooks\hook-PyQt5.QAxContainer.py;hook-PyQt5.Qt3DRender.py;C:\Users\temych\PycharmProjects\sortFiles\venv\Lib\site-packages\PyInstaller\hooks\hook-PyQt5.Qt3DRender.py
hook-PyQt5.QAxContainer.py;C:\Users\temych\PycharmProjects\sortFiles\venv\Lib\site-packages\PyInstaller\hooks\hook-PyQt5.QAxContainer.py;hook-PyQt5.QtBluetooth.py;C:\Users\temych\PycharmProjects\sortFiles\venv\Lib\site-packages\PyInstaller\hooks\hook-PyQt5.QtBluetooth.py
hook-PyQt5.QAxContainer.py;C:\Users\temych\PycharmProjects\sortFiles\venv\Lib\site-packages\PyInstaller\hooks\hook-PyQt5.QAxContainer.py;hook-PyQt5.QtChart.py;C:\Users\temych\PycharmProjects\sortFiles\venv\Lib\site-packages\PyInstaller\hooks\hook-PyQt5.QtChart.py
hook-PyQt5.QAxContainer.py;C:\Users\temych\PycharmProjects\sortFiles\venv\Lib\site-packages\PyInstaller\hooks\hook-PyQt5.QAxContainer.py;hook-PyQt5.QtCore.py;C:\Users\temych\PycharmProjects\sortFiles\venv\Lib\site-packages\PyInstaller\hooks\hook-PyQt5.QtCore.py
hook-PyQt5.QAxContainer.py;C:\Users\temych\PycharmProjects\sortFiles\venv\Lib\site-packages\PyInstaller\hooks\hook-PyQt5.QAxContainer.py;hook-PyQt5.QtDataVisualization.py;C:\Users\temych\PycharmProjects\sortFiles\venv\Lib\site-packages\PyInstaller\hooks\hook-PyQt5.QtDataVisualization.py
hook-PyQt5.QAxContainer.py;C:\Users\temych\PycharmProjects\sortFiles\venv\Lib\site-packages\PyInstaller\hooks\hook-PyQt5.QAxContainer.py;hook-PyQt5.QtDBus.py;C:\Users\temych\PycharmProjects\sortFiles\venv\Lib\site-packages\PyInstaller\hooks\hook-PyQt5.QtDBus.py
hook-PyQt5.QAxContainer.py;C:\Users\temych\PycharmProjects\sortFiles\venv\Lib\site-packages\PyInstaller\hooks\hook-PyQt5.QAxContainer.py;hook-PyQt5.QtDesigner.py;C:\Users\temych\PycharmProjects\sortFiles\venv\Lib\site-packages\PyInstaller\hooks\hook-PyQt5.QtDesigner.py
hook-PyQt5.QAxContainer.py;C:\Users\temych\PycharmProjects\sortFiles\venv\Lib\site-packages\PyInstaller\hooks\hook-PyQt5.QAxContainer.py;hook-PyQt5.QtGui.py;C:\Users\temych\PycharmProjects\sortFiles\venv\Lib\site-packages\PyInstaller\hooks\hook-PyQt5.QtGui.py
hook-PyQt5.QAxContainer.py;C:\Users\temych\PycharmProjects\sortFiles\venv\Lib\site-packages\PyInstaller\hooks\hook-PyQt5.QAxContainer.py;hook-PyQt5.QtHelp.py;C:\Users\temych\PycharmProjects\sortFiles\venv\Lib\site-packages\PyInstaller\hooks\hook-PyQt5.QtHelp.py
hook-PyQt5.QAxContainer.py;C:\Users\temych\PycharmProjects\sortFiles\venv\Lib\site-packages\PyInstaller\hooks\hook-PyQt5.QAxContainer.py;hook-PyQt5.QtLocation.py;C:\Users\temych\PycharmProjects\sortFiles\venv\Lib\site-packages\PyInstaller\hooks\hook-PyQt5.QtLocation.py
hook-PyQt5.QAxContainer.py;C:\Users\temych\PycharmProjects\sortFiles\venv\Lib\site-packages\PyInstaller\hooks\hook-PyQt5.QAxContainer.py;hook-PyQt5.QtMacExtras.py;C:\Users\temych\PycharmProjects\sortFiles\venv\Lib\site-packages\PyInstaller\hooks\hook-PyQt5.QtMacExtras.py
hook-PyQt5.QAxContainer.py;C:\Users\temych\PycharmProjects\sortFiles\venv\Lib\site-packages\PyInstaller\hooks\hook-PyQt5.QAxContainer.py;hook-PyQt5.QtMultimedia.py;C:\Users\temych\PycharmProjects\sortFiles\venv\Lib\site-packages\PyInstaller\hooks\hook-PyQt5.QtMultimedia.py
hook-PyQt5.QAxContainer.py;C:\Users\temych\PycharmProjects\sortFiles\venv\Lib\site-packages\PyInstaller\hooks\hook-PyQt5.QAxContainer.py;hook-PyQt5.QtMultimediaWidgets.py;C:\Users\temych\PycharmProjects\sortFiles\venv\Lib\site-packages\PyInstaller\hooks\hook-PyQt5.QtMultimediaWidgets.py
hook-PyQt5.QAxContainer.py;C:\Users\temych\PycharmProjects\sortFiles\venv\Lib\site-packages\PyInstaller\hooks\hook-PyQt5.QAxContainer.py;hook-PyQt5.QtNetworkAuth.py;C:\Users\temych\PycharmProjects\sortFiles\venv\Lib\site-packages\PyInstaller\hooks\hook-PyQt5.QtNetworkAuth.py
hook-PyQt5.QAxContainer.py;C:\Users\temych\PycharmProjects\sortFiles\venv\Lib\site-packages\PyInstaller\hooks\hook-PyQt5.QAxContainer.py;hook-PyQt5.QtNfc.py;C:\Users\temych\PycharmProjects\sortFiles\venv\Lib\site-packages\PyInstaller\hooks\hook-PyQt5.QtNfc.py
hook-PyQt5.QAxContainer.py;C:\Users\temych\PycharmProjects\sortFiles\venv\Lib\site-packages\PyInstaller\hooks\hook-PyQt5.QAxContainer.py;hook-PyQt5.QtOpenGL.py;C:\Users\temych\PycharmProjects\sortFiles\venv\Lib\site-packages\PyInstaller\hooks\hook-PyQt5.QtOpenGL.py
hook-PyQt5.QAxContainer.py;C:\Users\temych\PycharmProjects\sortFiles\venv\Lib\site-packages\PyInstaller\hooks\hook-PyQt5.QAxContainer.py;hook-PyQt5.QtPositioning.py;C:\Users\temych\PycharmProjects\sortFiles\venv\Lib\site-packages\PyInstaller\hooks\hook-PyQt5.QtPositioning.py
hook-PyQt5.QAxContainer.py;C:\Users\temych\PycharmProjects\sortFiles\venv\Lib\site-packages\PyInstaller\hooks\hook-PyQt5.QAxContainer.py;hook-PyQt5.QtPrintSupport.py;C:\Users\temych\PycharmProjects\sortFiles\venv\Lib\site-packages\PyInstaller\hooks\hook-PyQt5.QtPrintSupport.py
hook-PyQt5.QAxContainer.py;C:\Users\temych\PycharmProjects\sortFiles\venv\Lib\site-packages\PyInstaller\hooks\hook-PyQt5.QAxContainer.py;hook-PyQt5.QtPurchasing.py;C:\Users\temych\PycharmProjects\sortFiles\venv\Lib\site-packages\PyInstaller\hooks\hook-PyQt5.QtPurchasing.py
hook-PyQt5.QAxContainer.py;C:\Users\temych\PycharmProjects\sortFiles\venv\Lib\site-packages\PyInstaller\hooks\hook-PyQt5.QAxContainer.py;hook-PyQt5.QtQuick.py;C:\Users\temych\PycharmProjects\sortFiles\venv\Lib\site-packages\PyInstaller\hooks\hook-PyQt5.QtQuick.py
hook-PyQt5.QAxContainer.py;C:\Users\temych\PycharmProjects\sortFiles\venv\Lib\site-packages\PyInstaller\hooks\hook-PyQt5.QAxContainer.py;hook-PyQt5.QtQuick3D.py;C:\Users\temych\PycharmProjects\sortFiles\venv\Lib\site-packages\PyInstaller\hooks\hook-PyQt5.QtQuick3D.py
hook-PyQt5.QAxContainer.py;C:\Users\temych\PycharmProjects\sortFiles\venv\Lib\site-packages\PyInstaller\hooks\hook-PyQt5.QAxContainer.py;hook-PyQt5.QtQuickWidgets.py;C:\Users\temych\PycharmProjects\sortFiles\venv\Lib\site-packages\PyInstaller\hooks\hook-PyQt5.QtQuickWidgets.py
hook-PyQt5.QAxContainer.py;C:\Users\temych\PycharmProjects\sortFiles\venv\Lib\site-packages\PyInstaller\hooks\hook-PyQt5.QAxContainer.py;hook-PyQt5.QtRemoteObjects.py;C:\Users\temych\PycharmProjects\sortFiles\venv\Lib\site-packages\PyInstaller\hooks\hook-PyQt5.QtRemoteObjects.py
hook-PyQt5.QAxContainer.py;C:\Users\temych\PycharmProjects\sortFiles\venv\Lib\site-packages\PyInstaller\hooks\hook-PyQt5.QAxContainer.py;hook-PyQt5.QtScript.py;C:\Users\temych\PycharmProjects\sortFiles\venv\Lib\site-packages\PyInstaller\hooks\hook-PyQt5.QtScript.py
hook-PyQt5.QAxContainer.py;C:\Users\temych\PycharmProjects\sortFiles\venv\Lib\site-packages\PyInstaller\hooks\hook-PyQt5.QAxContainer.py;hook-PyQt5.QtSensors.py;C:\Users\temych\PycharmProjects\sortFiles\venv\Lib\site-packages\PyInstaller\hooks\hook-PyQt5.QtSensors.py
hook-PyQt5.QAxContainer.py;C:\Users\temych\PycharmProjects\sortFiles\venv\Lib\site-packages\PyInstaller\hooks\hook-PyQt5.QAxContainer.py;hook-PyQt5.QtSerialPort.py;C:\Users\temych\PycharmProjects\sortFiles\venv\Lib\site-packages\PyInstaller\hooks\hook-PyQt5.QtSerialPort.py
hook-PyQt5.QAxContainer.py;C:\Users\temych\PycharmProjects\sortFiles\venv\Lib\site-packages\PyInstaller\hooks\hook-PyQt5.QAxContainer.py;hook-PyQt5.QtSql.py;C:\Users\temych\PycharmProjects\sortFiles\venv\Lib\site-packages\PyInstaller\hooks\hook-PyQt5.QtSql.py
hook-PyQt5.QAxContainer.py;C:\Users\temych\PycharmProjects\sortFiles\venv\Lib\site-packages\PyInstaller\hooks\hook-PyQt5.QAxContainer.py;hook-PyQt5.QtSvg.py;C:\Users\temych\PycharmProjects\sortFiles\venv\Lib\site-packages\PyInstaller\hooks\hook-PyQt5.QtSvg.py
hook-PyQt5.QAxContainer.py;C:\Users\temych\PycharmProjects\sortFiles\venv\Lib\site-packages\PyInstaller\hooks\hook-PyQt5.QAxContainer.py;hook-PyQt5.QtTest.py;C:\Users\temych\PycharmProjects\sortFiles\venv\Lib\site-packages\PyInstaller\hooks\hook-PyQt5.QtTest.py
hook-PyQt5.QAxContainer.py;C:\Users\temych\PycharmProjects\sortFiles\venv\Lib\site-packages\PyInstaller\hooks\hook-PyQt5.QAxContainer.py;hook-PyQt5.QtTextToSpeech.py;C:\Users\temych\PycharmProjects\sortFiles\venv\Lib\site-packages\PyInstaller\hooks\hook-PyQt5.QtTextToSpeech.py
hook-PyQt5.QAxContainer.py;C:\Users\temych\PycharmProjects\sortFiles\venv\Lib\site-packages\PyInstaller\hooks\hook-PyQt5.QAxContainer.py;hook-PyQt5.QtWebChannel.py;C:\Users\temych\PycharmProjects\sortFiles\venv\Lib\site-packages\PyInstaller\hooks\hook-PyQt5.QtWebChannel.py
hook-PyQt5.QtWebEngine.py;C:\Users\temych\PycharmProjects\sortFiles\venv\Lib\site-packages\PyInstaller\hooks\hook-PyQt5.QtWebEngine.py;hook-PyQt5.QtWebEngineWidgets.py;C:\Users\temych\PycharmProjects\sortFiles\venv\Lib\site-packages\PyInstaller\hooks\hook-PyQt5.QtWebEngineWidgets.py
hook-PyQt5.QAxContainer.py;C:\Users\temych\PycharmProjects\sortFiles\venv\Lib\site-packages\PyInstaller\hooks\hook-PyQt5.QAxContainer.py;hook-PyQt5.QtWebKit.py;C:\Users\temych\PycharmProjects\sortFiles\venv\Lib\site-packages\PyInstaller\hooks\hook-PyQt5.QtWebKit.py
hook-PyQt5.QtWebEngine.py;C:\Users\temych\PycharmProjects\sortFiles\venv\Lib\site-packages\PyInstaller\hooks\hook-PyQt5.QtWebEngine.py;hook-PyQt5.QtWebKitWidgets.py;C:\Users\temych\PycharmProjects\sortFiles\venv\Lib\site-packages\PyInstaller\hooks\hook-PyQt5.QtWebKitWidgets.py
hook-PyQt5.QAxContainer.py;C:\Users\temych\PycharmProjects\sortFiles\venv\Lib\site-packages\PyInstaller\hooks\hook-PyQt5.QAxContainer.py;hook-PyQt5.QtWebSockets.py;C:\Users\temych\PycharmProjects\sortFiles\venv\Lib\site-packages\PyInstaller\hooks\hook-PyQt5.QtWebSockets.py
hook-PyQt5.QAxContainer.py;C:\Users\temych\PycharmProjects\sortFiles\venv\Lib\site-packages\PyInstaller\hooks\hook-PyQt5.QAxContainer.py;hook-PyQt5.QtWidgets.py;C:\Users\temych\PycharmProjects\sortFiles\venv\Lib\site-packages\PyInstaller\hooks\hook-PyQt5.QtWidgets.py
hook-PyQt5.QAxContainer.py;C:\Users\temych\PycharmProjects\sortFiles\venv\Lib\site-packages\PyInstaller\hooks\hook-PyQt5.QAxContainer.py;hook-PyQt5.QtWinExtras.py;C:\Users\temych\PycharmProjects\sortFiles\venv\Lib\site-packages\PyInstaller\hooks\hook-PyQt5.QtWinExtras.py
hook-PyQt5.QAxContainer.py;C:\Users\temych\PycharmProjects\sortFiles\venv\Lib\site-packages\PyInstaller\hooks\hook-PyQt5.QAxContainer.py;hook-PyQt5.QtX11Extras.py;C:\Users\temych\PycharmProjects\sortFiles\venv\Lib\site-packages\PyInstaller\hooks\hook-PyQt5.QtX11Extras.py
hook-PyQt5.QAxContainer.py;C:\Users\temych\PycharmProjects\sortFiles\venv\Lib\site-packages\PyInstaller\hooks\hook-PyQt5.QAxContainer.py;hook-PyQt5.QtXml.py;C:\Users\temych\PycharmProjects\sortFiles\venv\Lib\site-packages\PyInstaller\hooks\hook-PyQt5.QtXml.py
hook-PyQt5.QAxContainer.py;C:\Users\temych\PycharmProjects\sortFiles\venv\Lib\site-packages\PyInstaller\hooks\hook-PyQt5.QAxContainer.py;hook-PyQt5.QtXmlPatterns.py;C:\Users\temych\PycharmProjects\sortFiles\venv\Lib\site-packages\PyInstaller\hooks\hook-PyQt5.QtXmlPatterns.py
hook-PyQt6.QAxContainer.py;C:\Users\temych\PycharmProjects\sortFiles\venv\Lib\site-packages\PyInstaller\hooks\hook-PyQt6.QAxContainer.py;hook-PyQt6.Qsci.py;C:\Users\temych\PycharmProjects\sortFiles\venv\Lib\site-packages\PyInstaller\hooks\hook-PyQt6.Qsci.py
hook-PyQt6.QAxContainer.py;C:\Users\temych\PycharmProjects\sortFiles\venv\Lib\site-packages\PyInstaller\hooks\hook-PyQt6.QAxContainer.py;hook-PyQt6.Qt3DAnimation.py;C:\Users\temych\PycharmProjects\sortFiles\venv\Lib\site-packages\PyInstaller\hooks\hook-PyQt6.Qt3DAnimation.py
hook-PyQt6.QAxContainer.py;C:\Users\temych\PycharmProjects\sortFiles\venv\Lib\site-packages\PyInstaller\hooks\hook-PyQt6.QAxContainer.py;hook-PyQt6.Qt3DCore.py;C:\Users\temych\PycharmProjects\sortFiles\venv\Lib\site-packages\PyInstaller\hooks\hook-PyQt6.Qt3DCore.py
hook-PyQt6.QAxContainer.py;C:\Users\temych\PycharmProjects\sortFiles\venv\Lib\site-packages\PyInstaller\hooks\hook-PyQt6.QAxContainer.py;hook-PyQt6.Qt3DExtras.py;C:\Users\temych\PycharmProjects\sortFiles\venv\Lib\site-packages\PyInstaller\hooks\hook-PyQt6.Qt3DExtras.py
hook-PyQt6.QAxContainer.py;C:\Users\temych\PycharmProjects\sortFiles\venv\Lib\site-packages\PyInstaller\hooks\hook-PyQt6.QAxContainer.py;hook-PyQt6.Qt3DInput.py;C:\Users\temych\PycharmProjects\sortFiles\venv\Lib\site-packages\PyInstaller\hooks\hook-PyQt6.Qt3DInput.py
hook-PyQt6.QAxContainer.py;C:\Users\temych\PycharmProjects\sortFiles\venv\Lib\site-packages\PyInstaller\hooks\hook-PyQt6.QAxContainer.py;hook-PyQt6.Qt3DLogic.py;C:\Users\temych\PycharmProjects\sortFiles\venv\Lib\site-packages\PyInstaller\hooks\hook-PyQt6.Qt3DLogic.py
hook-PyQt6.QAxContainer.py;C:\Users\temych\PycharmProjects\sortFiles\venv\Lib\site-packages\PyInstaller\hooks\hook-PyQt6.QAxContainer.py;hook-PyQt6.QtBluetooth.py;C:\Users\temych\PycharmProjects\sortFiles\venv\Lib\site-packages\PyInstaller\hooks\hook-PyQt6.QtBluetooth.py
hook-PyQt6.QAxContainer.py;C:\Users\temych\PycharmProjects\sortFiles\venv\Lib\site-packages\PyInstaller\hooks\hook-PyQt6.QAxContainer.py;hook-PyQt6.QtCharts.py;C:\Users\temych\PycharmProjects\sortFiles\venv\Lib\site-packages\PyInstaller\hooks\hook-PyQt6.QtCharts.py
hook-PyQt6.QAxContainer.py;C:\Users\temych\PycharmProjects\sortFiles\venv\Lib\site-packages\PyInstaller\hooks\hook-PyQt6.QAxContainer.py;hook-PyQt6.QtDataVisualization.py;C:\Users\temych\PycharmProjects\sortFiles\venv\Lib\site-packages\PyInstaller\hooks\hook-PyQt6.QtDataVisualization.py
hook-PyQt6.QAxContainer.py;C:\Users\temych\PycharmProjects\sortFiles\venv\Lib\site-packages\PyInstaller\hooks\hook-PyQt6.QAxContainer.py;hook-PyQt6.QtDBus.py;C:\Users\temych\PycharmProjects\sortFiles\venv\Lib\site-packages\PyInstaller\hooks\hook-PyQt6.QtDBus.py
hook-PyQt6.QAxContainer.py;C:\Users\temych\PycharmProjects\sortFiles\venv\Lib\site-packages\PyInstaller\hooks\hook-PyQt6.QAxContainer.py;hook-PyQt6.QtDesigner.py;C:\Users\temych\PycharmProjects\sortFiles\venv\Lib\site-packages\PyInstaller\hooks\hook-PyQt6.QtDesigner.py
hook-PyQt6.QtCore.py;C:\Users\temych\PycharmProjects\sortFiles\venv\Lib\site-packages\PyInstaller\hooks\hook-PyQt6.QtCore.py;hook-PyQt6.QtGui.py;C:\Users\temych\PycharmProjects\sortFiles\venv\Lib\site-packages\PyInstaller\hooks\hook-PyQt6.QtGui.py
hook-PyQt6.QtCore.py;C:\Users\temych\PycharmProjects\sortFiles\venv\Lib\site-packages\PyInstaller\hooks\hook-PyQt6.QtCore.py;hook-PyQt6.QtHelp.py;C:\Users\temych\PycharmProjects\sortFiles\venv\Lib\site-packages\PyInstaller\hooks\hook-PyQt6.QtHelp.py
hook-PyQt6.QAxContainer.py;C:\Users\temych\PycharmProjects\sortFiles\venv\Lib\site-packages\PyInstaller\hooks\hook-PyQt6.QAxContainer.py;hook-PyQt6.QtMultimedia.py;C:\Users\temych\PycharmProjects\sortFiles\venv\Lib\site-packages\PyInstaller\hooks\hook-PyQt6.QtMultimedia.py
hook-PyQt6.QAxContainer.py;C:\Users\temych\PycharmProjects\sortFiles\venv\Lib\site-packages\PyInstaller\hooks\hook-PyQt6.QAxContainer.py;hook-PyQt6.QtMultimediaWidgets.py;C:\Users\temych\PycharmProjects\sortFiles\venv\Lib\site-packages\PyInstaller\hooks\hook-PyQt6.QtMultimediaWidgets.py
hook-PyQt6.QAxContainer.py;C:\Users\temych\PycharmProjects\sortFiles\venv\Lib\site-packages\PyInstaller\hooks\hook-PyQt6.QAxContainer.py;hook-PyQt6.QtNetworkAuth.py;C:\Users\temych\PycharmProjects\sortFiles\venv\Lib\site-packages\PyInstaller\hooks\hook-PyQt6.QtNetworkAuth.py
hook-PyQt6.QAxContainer.py;C:\Users\temych\PycharmProjects\sortFiles\venv\Lib\site-packages\PyInstaller\hooks\hook-PyQt6.QAxContainer.py;hook-PyQt6.QtNfc.py;C:\Users\temych\PycharmProjects\sortFiles\venv\Lib\site-packages\PyInstaller\hooks\hook-PyQt6.QtNfc.py
hook-PyQt6.QtCore.py;C:\Users\temych\PycharmProjects\sortFiles\venv\Lib\site-packages\PyInstaller\hooks\hook-PyQt6.QtCore.py;hook-PyQt6.QtOpenGL.py;C:\Users\temych\PycharmProjects\sortFiles\venv\Lib\site-packages\PyInstaller\hooks\hook-PyQt6.QtOpenGL.py
hook-PyQt6.QtCore.py;C:\Users\temych\PycharmProjects\sortFiles\venv\Lib\site-packages\PyInstaller\hooks\hook-PyQt6.QtCore.py;hook-PyQt6.QtOpenGLWidgets.py;C:\Users\temych\PycharmProjects\sortFiles\venv\Lib\site-packages\PyInstaller\hooks\hook-PyQt6.QtOpenGLWidgets.py
hook-PyQt6.QAxContainer.py;C:\Users\temych\PycharmProjects\sortFiles\venv\Lib\site-packages\PyInstaller\hooks\hook-PyQt6.QAxContainer.py;hook-PyQt6.QtPdf.py;C:\Users\temych\PycharmProjects\sortFiles\venv\Lib\site-packages\PyInstaller\hooks\hook-PyQt6.QtPdf.py
hook-PyQt6.QAxContainer.py;C:\Users\temych\PycharmProjects\sortFiles\venv\Lib\site-packages\PyInstaller\hooks\hook-PyQt6.QAxContainer.py;hook-PyQt6.QtPdfWidgets.py;C:\Users\temych\PycharmProjects\sortFiles\venv\Lib\site-packages\PyInstaller\hooks\hook-PyQt6.QtPdfWidgets.py
hook-PyQt6.QAxContainer.py;C:\Users\temych\PycharmProjects\sortFiles\venv\Lib\site-packages\PyInstaller\hooks\hook-PyQt6.QAxContainer.py;hook-PyQt6.QtPositioning.py;C:\Users\temych\PycharmProjects\sortFiles\venv\Lib\site-packages\PyInstaller\hooks\hook-PyQt6.QtPositioning.py
hook-PyQt6.QtCore.py;C:\Users\temych\PycharmProjects\sortFiles\venv\Lib\site-packages\PyInstaller\hooks\hook-PyQt6.QtCore.py;hook-PyQt6.QtPrintSupport.py;C:\Users\temych\PycharmProjects\sortFiles\venv\Lib\site-packages\PyInstaller\hooks\hook-PyQt6.QtPrintSupport.py
hook-PyQt6.QtCore.py;C:\Users\temych\PycharmProjects\sortFiles\venv\Lib\site-packages\PyInstaller\hooks\hook-PyQt6.QtCore.py;hook-PyQt6.QtQuick.py;C:\Users\temych\PycharmProjects\sortFiles\venv\Lib\site-packages\PyInstaller\hooks\hook-PyQt6.QtQuick.py
hook-PyQt6.QAxContainer.py;C:\Users\temych\PycharmProjects\sortFiles\venv\Lib\site-packages\PyInstaller\hooks\hook-PyQt6.QAxContainer.py;hook-PyQt6.QtQuick3D.py;C:\Users\temych\PycharmProjects\sortFiles\venv\Lib\site-packages\PyInstaller\hooks\hook-PyQt6.QtQuick3D.py
hook-PyQt6.QtCore.py;C:\Users\temych\PycharmProjects\sortFiles\venv\Lib\site-packages\PyInstaller\hooks\hook-PyQt6.QtCore.py;hook-PyQt6.QtQuickWidgets.py;C:\Users\temych\PycharmProjects\sortFiles\venv\Lib\site-packages\PyInstaller\hooks\hook-PyQt6.QtQuickWidgets.py
hook-PyQt6.QAxContainer.py;C:\Users\temych\PycharmProjects\sortFiles\venv\Lib\site-packages\PyInstaller\hooks\hook-PyQt6.QAxContainer.py;hook-PyQt6.QtRemoteObjects.py;C:\Users\temych\PycharmProjects\sortFiles\venv\Lib\site-packages\PyInstaller\hooks\hook-PyQt6.QtRemoteObjects.py
hook-PyQt6.QAxContainer.py;C:\Users\temych\PycharmProjects\sortFiles\venv\Lib\site-packages\PyInstaller\hooks\hook-PyQt6.QAxContainer.py;hook-PyQt6.QtSensors.py;C:\Users\temych\PycharmProjects\sortFiles\venv\Lib\site-packages\PyInstaller\hooks\hook-PyQt6.QtSensors.py
hook-PyQt6.QAxContainer.py;C:\Users\temych\PycharmProjects\sortFiles\venv\Lib\site-packages\PyInstaller\hooks\hook-PyQt6.QAxContainer.py;hook-PyQt6.QtSerialPort.py;C:\Users\temych\PycharmProjects\sortFiles\venv\Lib\site-packages\PyInstaller\hooks\hook-PyQt6.QtSerialPort.py
hook-PyQt6.QAxContainer.py;C:\Users\temych\PycharmProjects\sortFiles\venv\Lib\site-packages\PyInstaller\hooks\hook-PyQt6.QAxContainer.py;hook-PyQt6.QtSpatialAudio.py;C:\Users\temych\PycharmProjects\sortFiles\venv\Lib\site-packages\PyInstaller\hooks\hook-PyQt6.QtSpatialAudio.py
hook-PyQt6.QtCore.py;C:\Users\temych\PycharmProjects\sortFiles\venv\Lib\site-packages\PyInstaller\hooks\hook-PyQt6.QtCore.py;hook-PyQt6.QtSql.py;C:\Users\temych\PycharmProjects\sortFiles\venv\Lib\site-packages\PyInstaller\hooks\hook-PyQt6.QtSql.py
hook-PyQt6.QtCore.py;C:\Users\temych\PycharmProjects\sortFiles\venv\Lib\site-packages\PyInstaller\hooks\hook-PyQt6.QtCore.py;hook-PyQt6.QtSvg.py;C:\Users\temych\PycharmProjects\sortFiles\venv\Lib\site-packages\PyInstaller\hooks\hook-PyQt6.QtSvg.py
hook-PyQt6.QAxContainer.py;C:\Users\temych\PycharmProjects\sortFiles\venv\Lib\site-packages\PyInstaller\hooks\hook-PyQt6.QAxContainer.py;hook-PyQt6.QtSvgWidgets.py;C:\Users\temych\PycharmProjects\sortFiles\venv\Lib\site-packages\PyInstaller\hooks\hook-PyQt6.QtSvgWidgets.py
hook-PyQt6.QtCore.py;C:\Users\temych\PycharmProjects\sortFiles\venv\Lib\site-packages\PyInstaller\hooks\hook-PyQt6.QtCore.py;hook-PyQt6.QtTest.py;C:\Users\temych\PycharmProjects\sortFiles\venv\Lib\site-packages\PyInstaller\hooks\hook-PyQt6.QtTest.py
hook-PyQt6.QAxContainer.py;C:\Users\temych\PycharmProjects\sortFiles\venv\Lib\site-packages\PyInstaller\hooks\hook-PyQt6.QAxContainer.py;hook-PyQt6.QtTextToSpeech.py;C:\Users\temych\PycharmProjects\sortFiles\venv\Lib\site-packages\PyInstaller\hooks\hook-PyQt6.QtTextToSpeech.py
hook-PyQt6.QAxContainer.py;C:\Users\temych\PycharmProjects\sortFiles\venv\Lib\site-packages\PyInstaller\hooks\hook-PyQt6.QAxContainer.py;hook-PyQt6.QtWebChannel.py;C:\Users\temych\PycharmProjects\sortFiles\venv\Lib\site-packages\PyInstaller\hooks\hook-PyQt6.QtWebChannel.py
hook-PyQt6.QtWebEngineQuick.py;C:\Users\temych\PycharmProjects\sortFiles\venv\Lib\site-packages\PyInstaller\hooks\hook-PyQt6.QtWebEngineQuick.py;hook-PyQt6.QtWebEngineWidgets.py;C:\Users\temych\PycharmProjects\sortFiles\venv\Lib\site-packages\PyInstaller\hooks\hook-PyQt6.QtWebEngineWidgets.py
hook-PyQt6.QAxContainer.py;C:\Users\temych\PycharmProjects\sortFiles\venv\Lib\site-packages\PyInstaller\hooks\hook-PyQt6.QAxContainer.py;hook-PyQt6.QtWebSockets.py;C:\Users\temych\PycharmProjects\sortFiles\venv\Lib\site-packages\PyInstaller\hooks\hook-PyQt6.QtWebSockets.py
hook-PyQt6.QtCore.py;C:\Users\temych\PycharmProjects\sortFiles\venv\Lib\site-packages\PyInstaller\hooks\hook-PyQt6.QtCore.py;hook-PyQt6.QtWidgets.py;C:\Users\temych\PycharmProjects\sortFiles\venv\Lib\site-packages\PyInstaller\hooks\hook-PyQt6.QtWidgets.py
hook-PyQt6.QtCore.py;C:\Users\temych\PycharmProjects\sortFiles\venv\Lib\site-packages\PyInstaller\hooks\hook-PyQt6.QtCore.py;hook-PyQt6.QtXml.py;C:\Users\temych\PycharmProjects\sortFiles\venv\Lib\site-packages\PyInstaller\hooks\hook-PyQt6.QtXml.py
hook-PyQt5.QAxContainer.py;C:\Users\temych\PycharmProjects\sortFiles\venv\Lib\site-packages\PyInstaller\hooks\hook-PyQt5.QAxContainer.py;hook-PySide2.Qt3DAnimation.py;C:\Users\temych\PycharmProjects\sortFiles\venv\Lib\site-packages\PyInstaller\hooks\hook-PySide2.Qt3DAnimation.py
hook-PyQt5.QAxContainer.py;C:\Users\temych\PycharmProjects\sortFiles\venv\Lib\site-packages\PyInstaller\hooks\hook-PyQt5.QAxContainer.py;hook-PySide2.Qt3DCore.py;C:\Users\temych\PycharmProjects\sortFiles\venv\Lib\site-packages\PyInstaller\hooks\hook-PySide2.Qt3DCore.py
hook-PyQt5.QAxContainer.py;C:\Users\temych\PycharmProjects\sortFiles\venv\Lib\site-packages\PyInstaller\hooks\hook-PyQt5.QAxContainer.py;hook-PySide2.Qt3DExtras.py;C:\Users\temych\PycharmProjects\sortFiles\venv\Lib\site-packages\PyInstaller\hooks\hook-PySide2.Qt3DExtras.py
hook-PyQt5.QAxContainer.py;C:\Users\temych\PycharmProjects\sortFiles\venv\Lib\site-packages\PyInstaller\hooks\hook-PyQt5.QAxContainer.py;hook-PySide2.Qt3DInput.py;C:\Users\temych\PycharmProjects\sortFiles\venv\Lib\site-packages\PyInstaller\hooks\hook-PySide2.Qt3DInput.py
hook-PyQt5.QAxContainer.py;C:\Users\temych\PycharmProjects\sortFiles\venv\Lib\site-packages\PyInstaller\hooks\hook-PyQt5.QAxContainer.py;hook-PySide2.Qt3DLogic.py;C:\Users\temych\PycharmProjects\sortFiles\venv\Lib\site-packages\PyInstaller\hooks\hook-PySide2.Qt3DLogic.py
hook-PyQt5.QAxContainer.py;C:\Users\temych\PycharmProjects\sortFiles\venv\Lib\site-packages\PyInstaller\hooks\hook-PyQt5.QAxContainer.py;hook-PySide2.Qt3DRender.py;C:\Users\temych\PycharmProjects\sortFiles\venv\Lib\site-packages\PyInstaller\hooks\hook-PySide2.Qt3DRender.py
hook-PyQt5.QAxContainer.py;C:\Users\temych\PycharmProjects\sortFiles\venv\Lib\site-packages\PyInstaller\hooks\hook-PyQt5.QAxContainer.py;hook-PySide2.QtAxContainer.py;C:\Users\temych\PycharmProjects\sortFiles\venv\Lib\site-packages\PyInstaller\hooks\hook-PySide2.QtAxContainer.py
hook-PyQt5.QAxContainer.py;C:\Users\temych\PycharmProjects\sortFiles\venv\Lib\site-packages\PyInstaller\hooks\hook-PyQt5.QAxContainer.py;hook-PySide2.QtCharts.py;C:\Users\temych\PycharmProjects\sortFiles\venv\Lib\site-packages\PyInstaller\hooks\hook-PySide2.QtCharts.py
hook-PyQt5.QAxContainer.py;C:\Users\temych\PycharmProjects\sortFiles\venv\Lib\site-packages\PyInstaller\hooks\hook-PyQt5.QAxContainer.py;hook-PySide2.QtConcurrent.py;C:\Users\temych\PycharmProjects\sortFiles\venv\Lib\site-packages\PyInstaller\hooks\hook-PySide2.QtConcurrent.py
hook-PyQt5.QAxContainer.py;C:\Users\temych\PycharmProjects\sortFiles\venv\Lib\site-packages\PyInstaller\hooks\hook-PyQt5.QAxContainer.py;hook-PySide2.QtCore.py;C:\Users\temych\PycharmProjects\sortFiles\venv\Lib\site-packages\PyInstaller\hooks\hook-PySide2.QtCore.py
hook-PyQt5.QAxContainer.py;C:\Users\temych\PycharmProjects\sortFiles\venv\Lib\site-packages\PyInstaller\hooks\hook-PyQt5.QAxContainer.py;hook-PySide2.QtDataVisualization.py;C:\Users\temych\PycharmProjects\sortFiles\venv\Lib\site-packages\PyInstaller\hooks\hook-PySide2.QtDataVisualization.py
hook-PyQt5.QAxContainer.py;C:\Users\temych\PycharmProjects\sortFiles\venv\Lib\site-packages\PyInstaller\hooks\hook-PyQt5.QAxContainer.py;hook-PySide2.QtGui.py;C:\Users\temych\PycharmProjects\sortFiles\venv\Lib\site-packages\PyInstaller\hooks\hook-PySide2.QtGui.py
hook-PyQt5.QAxContainer.py;C:\Users\temych\PycharmProjects\sortFiles\venv\Lib\site-packages\PyInstaller\hooks\hook-PyQt5.QAxContainer.py;hook-PySide2.QtHelp.py;C:\Users\temych\PycharmProjects\sortFiles\venv\Lib\site-packages\PyInstaller\hooks\hook-PySide2.QtHelp.py
hook-PyQt5.QAxContainer.py;C:\Users\temych\PycharmProjects\sortFiles\venv\Lib\site-packages\PyInstaller\hooks\hook-PyQt5.QAxContainer.py;hook-PySide2.QtLocation.py;C:\Users\temych\PycharmProjects\sortFiles\venv\Lib\site-packages\PyInstaller\hooks\hook-PySide2.QtLocation.py
hook-PyQt5.QAxContainer.py;C:\Users\temych\PycharmProjects\sortFiles\venv\Lib\site-packages\PyInstaller\hooks\hook-PyQt5.QAxContainer.py;hook-PySide2.QtMacExtras.py;C:\Users\temych\PycharmProjects\sortFiles\venv\Lib\site-packages\PyInstaller\hooks\hook-PySide2.QtMacExtras.py
hook-PyQt5.QAxContainer.py;C:\Users\temych\PycharmProjects\sortFiles\venv\Lib\site-packages\PyInstaller\hooks\hook-PyQt5.QAxContainer.py;hook-PySide2.QtMultimediaWidgets.py;C:\Users\temych\PycharmProjects\sortFiles\venv\Lib\site-packages\PyInstaller\hooks\hook-PySide2.QtMultimediaWidgets.py
hook-PyQt5.QAxContainer.py;C:\Users\temych\PycharmProjects\sortFiles\venv\Lib\site-packages\PyInstaller\hooks\hook-PyQt5.QAxContainer.py;hook-PySide2.QtOpenGL.py;C:\Users\temych\PycharmProjects\sortFiles\venv\Lib\site-packages\PyInstaller\hooks\hook-PySide2.QtOpenGL.py
hook-PyQt5.QAxContainer.py;C:\Users\temych\PycharmProjects\sortFiles\venv\Lib\site-packages\PyInstaller\hooks\hook-PyQt5.QAxContainer.py;hook-PySide2.QtOpenGLFunctions.py;C:\Users\temych\PycharmProjects\sortFiles\venv\Lib\site-packages\PyInstaller\hooks\hook-PySide2.QtOpenGLFunctions.py
hook-PyQt5.QAxContainer.py;C:\Users\temych\PycharmProjects\sortFiles\venv\Lib\site-packages\PyInstaller\hooks\hook-PyQt5.QAxContainer.py;hook-PySide2.QtPositioning.py;C:\Users\temych\PycharmProjects\sortFiles\venv\Lib\site-packages\PyInstaller\hooks\hook-PySide2.QtPositioning.py
hook-PyQt5.QAxContainer.py;C:\Users\temych\PycharmProjects\sortFiles\venv\Lib\site-packages\PyInstaller\hooks\hook-PyQt5.QAxContainer.py;hook-PySide2.QtPrintSupport.py;C:\Users\temych\PycharmProjects\sortFiles\venv\Lib\site-packages\PyInstaller\hooks\hook-PySide2.QtPrintSupport.py
hook-PyQt5.QAxContainer.py;C:\Users\temych\PycharmProjects\sortFiles\venv\Lib\site-packages\PyInstaller\hooks\hook-PyQt5.QAxContainer.py;hook-PySide2.QtQuick.py;C:\Users\temych\PycharmProjects\sortFiles\venv\Lib\site-packages\PyInstaller\hooks\hook-PySide2.QtQuick.py
hook-PyQt5.QAxContainer.py;C:\Users\temych\PycharmProjects\sortFiles\venv\Lib\site-packages\PyInstaller\hooks\hook-PyQt5.QAxContainer.py;hook-PySide2.QtQuickControls2.py;C:\Users\temych\PycharmProjects\sortFiles\venv\Lib\site-packages\PyInstaller\hooks\hook-PySide2.QtQuickControls2.py
hook-PyQt5.QAxContainer.py;C:\Users\temych\PycharmProjects\sortFiles\venv\Lib\site-packages\PyInstaller\hooks\hook-PyQt5.QAxContainer.py;hook-PySide2.QtQuickWidgets.py;C:\Users\temych\PycharmProjects\sortFiles\venv\Lib\site-packages\PyInstaller\hooks\hook-PySide2.QtQuickWidgets.py
hook-PyQt5.QAxContainer.py;C:\Users\temych\PycharmProjects\sortFiles\venv\Lib\site-packages\PyInstaller\hooks\hook-PyQt5.QAxContainer.py;hook-PySide2.QtRemoteObjects.py;C:\Users\temych\PycharmProjects\sortFiles\venv\Lib\site-packages\PyInstaller\hooks\hook-PySide2.QtRemoteObjects.py
hook-PyQt5.QAxContainer.py;C:\Users\temych\PycharmProjects\sortFiles\venv\Lib\site-packages\PyInstaller\hooks\hook-PyQt5.QAxContainer.py;hook-PySide2.QtScript.py;C:\Users\temych\PycharmProjects\sortFiles\venv\Lib\site-packages\PyInstaller\hooks\hook-PySide2.QtScript.py
hook-PyQt5.QAxContainer.py;C:\Users\temych\PycharmProjects\sortFiles\venv\Lib\site-packages\PyInstaller\hooks\hook-PyQt5.QAxContainer.py;hook-PySide2.QtScriptTools.py;C:\Users\temych\PycharmProjects\sortFiles\venv\Lib\site-packages\PyInstaller\hooks\hook-PySide2.QtScriptTools.py
hook-PyQt5.QAxContainer.py;C:\Users\temych\PycharmProjects\sortFiles\venv\Lib\site-packages\PyInstaller\hooks\hook-PyQt5.QAxContainer.py;hook-PySide2.QtScxml.py;C:\Users\temych\PycharmProjects\sortFiles\venv\Lib\site-packages\PyInstaller\hooks\hook-PySide2.QtScxml.py
hook-PyQt5.QAxContainer.py;C:\Users\temych\PycharmProjects\sortFiles\venv\Lib\site-packages\PyInstaller\hooks\hook-PyQt5.QAxContainer.py;hook-PySide2.QtSensors.py;C:\Users\temych\PycharmProjects\sortFiles\venv\Lib\site-packages\PyInstaller\hooks\hook-PySide2.QtSensors.py
hook-PyQt5.QAxContainer.py;C:\Users\temych\PycharmProjects\sortFiles\venv\Lib\site-packages\PyInstaller\hooks\hook-PyQt5.QAxContainer.py;hook-PySide2.QtSerialPort.py;C:\Users\temych\PycharmProjects\sortFiles\venv\Lib\site-packages\PyInstaller\hooks\hook-PySide2.QtSerialPort.py
hook-PyQt5.QAxContainer.py;C:\Users\temych\PycharmProjects\sortFiles\venv\Lib\site-packages\PyInstaller\hooks\hook-PyQt5.QAxContainer.py;hook-PySide2.QtSql.py;C:\Users\temych\PycharmProjects\sortFiles\venv\Lib\site-packages\PyInstaller\hooks\hook-PySide2.QtSql.py
hook-PyQt5.QAxContainer.py;C:\Users\temych\PycharmProjects\sortFiles\venv\Lib\site-packages\PyInstaller\hooks\hook-PyQt5.QAxContainer.py;hook-PySide2.QtSvg.py;C:\Users\temych\PycharmProjects\sortFiles\venv\Lib\site-packages\PyInstaller\hooks\hook-PySide2.QtSvg.py
hook-PyQt5.QAxContainer.py;C:\Users\temych\PycharmProjects\sortFiles\venv\Lib\site-packages\PyInstaller\hooks\hook-PyQt5.QAxContainer.py;hook-PySide2.QtTest.py;C:\Users\temych\PycharmProjects\sortFiles\venv\Lib\site-packages\PyInstaller\hooks\hook-PySide2.QtTest.py
hook-PyQt5.QAxContainer.py;C:\Users\temych\PycharmProjects\sortFiles\venv\Lib\site-packages\PyInstaller\hooks\hook-PyQt5.QAxContainer.py;hook-PySide2.QtTextToSpeech.py;C:\Users\temych\PycharmProjects\sortFiles\venv\Lib\site-packages\PyInstaller\hooks\hook-PySide2.QtTextToSpeech.py
hook-PyQt5.QAxContainer.py;C:\Users\temych\PycharmProjects\sortFiles\venv\Lib\site-packages\PyInstaller\hooks\hook-PyQt5.QAxContainer.py;hook-PySide2.QtWebChannel.py;C:\Users\temych\PycharmProjects\sortFiles\venv\Lib\site-packages\PyInstaller\hooks\hook-PySide2.QtWebChannel.py
hook-PyQt5.QtWebEngine.py;C:\Users\temych\PycharmProjects\sortFiles\venv\Lib\site-packages\PyInstaller\hooks\hook-PyQt5.QtWebEngine.py;hook-PySide2.QtWebEngine.py;C:\Users\temych\PycharmProjects\sortFiles\venv\Lib\site-packages\PyInstaller\hooks\hook-PySide2.QtWebEngine.py
hook-PyQt5.QtWebEngine.py;C:\Users\temych\PycharmProjects\sortFiles\venv\Lib\site-packages\PyInstaller\hooks\hook-PyQt5.QtWebEngine.py;hook-PySide2.QtWebEngineWidgets.py;C:\Users\temych\PycharmProjects\sortFiles\venv\Lib\site-packages\PyInstaller\hooks\hook-PySide2.QtWebEngineWidgets.py
hook-PyQt5.QAxContainer.py;C:\Users\temych\PycharmProjects\sortFiles\venv\Lib\site-packages\PyInstaller\hooks\hook-PyQt5.QAxContainer.py;hook-PySide2.QtWebKit.py;C:\Users\temych\PycharmProjects\sortFiles\venv\Lib\site-packages\PyInstaller\hooks\hook-PySide2.QtWebKit.py
hook-PyQt5.QtWebEngine.py;C:\Users\temych\PycharmProjects\sortFiles\venv\Lib\site-packages\PyInstaller\hooks\hook-PyQt5.QtWebEngine.py;hook-PySide2.QtWebKitWidgets.py;C:\Users\temych\PycharmProjects\sortFiles\venv\Lib\site-packages\PyInstaller\hooks\hook-PySide2.QtWebKitWidgets.py
hook-PyQt5.QAxContainer.py;C:\Users\temych\PycharmProjects\sortFiles\venv\Lib\site-packages\PyInstaller\hooks\hook-PyQt5.QAxContainer.py;hook-PySide2.QtWebSockets.py;C:\Users\temych\PycharmProjects\sortFiles\venv\Lib\site-packages\PyInstaller\hooks\hook-PySide2.QtWebSockets.py
hook-PyQt5.QAxContainer.py;C:\Users\temych\PycharmProjects\sortFiles\venv\Lib\site-packages\PyInstaller\hooks\hook-PyQt5.QAxContainer.py;hook-PySide2.QtWidgets.py;C:\Users\temych\PycharmProjects\sortFiles\venv\Lib\site-packages\PyInstaller\hooks\hook-PySide2.QtWidgets.py
hook-PyQt5.QAxContainer.py;C:\Users\temych\PycharmProjects\sortFiles\venv\Lib\site-packages\PyInstaller\hooks\hook-PyQt5.QAxContainer.py;hook-PySide2.QtWinExtras.py;C:\Users\temych\PycharmProjects\sortFiles\venv\Lib\site-packages\PyInstaller\hooks\hook-PySide2.QtWinExtras.py
hook-PyQt5.QAxContainer.py;C:\Users\temych\PycharmProjects\sortFiles\venv\Lib\site-packages\PyInstaller\hooks\hook-PyQt5.QAxContainer.py;hook-PySide2.QtX11Extras.py;C:\Users\temych\PycharmProjects\sortFiles\venv\Lib\site-packages\PyInstaller\hooks\hook-PySide2.QtX11Extras.py
hook-PyQt5.QAxContainer.py;C:\Users\temych\PycharmProjects\sortFiles\venv\Lib\site-packages\PyInstaller\hooks\hook-PyQt5.QAxContainer.py;hook-PySide2.QtXml.py;C:\Users\temych\PycharmProjects\sortFiles\venv\Lib\site-packages\PyInstaller\hooks\hook-PySide2.QtXml.py
hook-PyQt5.QAxContainer.py;C:\Users\temych\PycharmProjects\sortFiles\venv\Lib\site-packages\PyInstaller\hooks\hook-PyQt5.QAxContainer.py;hook-PySide2.QtXmlPatterns.py;C:\Users\temych\PycharmProjects\sortFiles\venv\Lib\site-packages\PyInstaller\hooks\hook-PySide2.QtXmlPatterns.py
hook-PyQt6.QAxContainer.py;C:\Users\temych\PycharmProjects\sortFiles\venv\Lib\site-packages\PyInstaller\hooks\hook-PyQt6.QAxContainer.py;hook-PySide6.Qt3DAnimation.py;C:\Users\temych\PycharmProjects\sortFiles\venv\Lib\site-packages\PyInstaller\hooks\hook-PySide6.Qt3DAnimation.py
hook-PyQt6.QAxContainer.py;C:\Users\temych\PycharmProjects\sortFiles\venv\Lib\site-packages\PyInstaller\hooks\hook-PyQt6.QAxContainer.py;hook-PySide6.Qt3DCore.py;C:\Users\temych\PycharmProjects\sortFiles\venv\Lib\site-packages\PyInstaller\hooks\hook-PySide6.Qt3DCore.py
hook-PyQt6.QAxContainer.py;C:\Users\temych\PycharmProjects\sortFiles\venv\Lib\site-packages\PyInstaller\hooks\hook-PyQt6.QAxContainer.py;hook-PySide6.Qt3DExtras.py;C:\Users\temych\PycharmProjects\sortFiles\venv\Lib\site-packages\PyInstaller\hooks\hook-PySide6.Qt3DExtras.py
hook-PyQt6.QAxContainer.py;C:\Users\temych\PycharmProjects\sortFiles\venv\Lib\site-packages\PyInstaller\hooks\hook-PyQt6.QAxContainer.py;hook-PySide6.Qt3DInput.py;C:\Users\temych\PycharmProjects\sortFiles\venv\Lib\site-packages\PyInstaller\hooks\hook-PySide6.Qt3DInput.py
hook-PyQt6.QAxContainer.py;C:\Users\temych\PycharmProjects\sortFiles\venv\Lib\site-packages\PyInstaller\hooks\hook-PyQt6.QAxContainer.py;hook-PySide6.Qt3DLogic.py;C:\Users\temych\PycharmProjects\sortFiles\venv\Lib\site-packages\PyInstaller\hooks\hook-PySide6.Qt3DLogic.py
hook-PyQt6.QAxContainer.py;C:\Users\temych\PycharmProjects\sortFiles\venv\Lib\site-packages\PyInstaller\hooks\hook-PyQt6.QAxContainer.py;hook-PySide6.Qt3DRender.py;C:\Users\temych\PycharmProjects\sortFiles\venv\Lib\site-packages\PyInstaller\hooks\hook-PySide6.Qt3DRender.py
hook-PyQt6.QAxContainer.py;C:\Users\temych\PycharmProjects\sortFiles\venv\Lib\site-packages\PyInstaller\hooks\hook-PyQt6.QAxContainer.py;hook-PySide6.QtAxContainer.py;C:\Users\temych\PycharmProjects\sortFiles\venv\Lib\site-packages\PyInstaller\hooks\hook-PySide6.QtAxContainer.py
hook-PyQt6.QAxContainer.py;C:\Users\temych\PycharmProjects\sortFiles\venv\Lib\site-packages\PyInstaller\hooks\hook-PyQt6.QAxContainer.py;hook-PySide6.QtBluetooth.py;C:\Users\temych\PycharmProjects\sortFiles\venv\Lib\site-packages\PyInstaller\hooks\hook-PySide6.QtBluetooth.py
hook-PyQt6.QAxContainer.py;C:\Users\temych\PycharmProjects\sortFiles\venv\Lib\site-packages\PyInstaller\hooks\hook-PyQt6.QAxContainer.py;hook-PySide6.QtCharts.py;C:\Users\temych\PycharmProjects\sortFiles\venv\Lib\site-packages\PyInstaller\hooks\hook-PySide6.QtCharts.py
hook-PyQt6.QAxContainer.py;C:\Users\temych\PycharmProjects\sortFiles\venv\Lib\site-packages\PyInstaller\hooks\hook-PyQt6.QAxContainer.py;hook-PySide6.QtConcurrent.py;C:\Users\temych\PycharmProjects\sortFiles\venv\Lib\site-packages\PyInstaller\hooks\hook-PySide6.QtConcurrent.py
hook-PyQt6.QtCore.py;C:\Users\temych\PycharmProjects\sortFiles\venv\Lib\site-packages\PyInstaller\hooks\hook-PyQt6.QtCore.py;hook-PySide6.QtCore.py;C:\Users\temych\PycharmProjects\sortFiles\venv\Lib\site-packages\PyInstaller\hooks\hook-PySide6.QtCore.py
hook-PyQt6.QAxContainer.py;C:\Users\temych\PycharmProjects\sortFiles\venv\Lib\site-packages\PyInstaller\hooks\hook-PyQt6.QAxContainer.py;hook-PySide6.QtDataVisualization.py;C:\Users\temych\PycharmProjects\sortFiles\venv\Lib\site-packages\PyInstaller\hooks\hook-PySide6.QtDataVisualization.py
hook-PyQt6.QAxContainer.py;C:\Users\temych\PycharmProjects\sortFiles\venv\Lib\site-packages\PyInstaller\hooks\hook-PyQt6.QAxContainer.py;hook-PySide6.QtDBus.py;C:\Users\temych\PycharmProjects\sortFiles\venv\Lib\site-packages\PyInstaller\hooks\hook-PySide6.QtDBus.py
hook-PyQt6.QAxContainer.py;C:\Users\temych\PycharmProjects\sortFiles\venv\Lib\site-packages\PyInstaller\hooks\hook-PyQt6.QAxContainer.py;hook-PySide6.QtDesigner.py;C:\Users\temych\PycharmProjects\sortFiles\venv\Lib\site-packages\PyInstaller\hooks\hook-PySide6.QtDesigner.py
hook-PyQt6.QtCore.py;C:\Users\temych\PycharmProjects\sortFiles\venv\Lib\site-packages\PyInstaller\hooks\hook-PyQt6.QtCore.py;hook-PySide6.QtGui.py;C:\Users\temych\PycharmProjects\sortFiles\venv\Lib\site-packages\PyInstaller\hooks\hook-PySide6.QtGui.py
hook-PyQt6.QtCore.py;C:\Users\temych\PycharmProjects\sortFiles\venv\Lib\site-packages\PyInstaller\hooks\hook-PyQt6.QtCore.py;hook-PySide6.QtHelp.py;C:\Users\temych\PycharmProjects\sortFiles\venv\Lib\site-packages\PyInstaller\hooks\hook-PySide6.QtHelp.py
hook-PyQt6.QAxContainer.py;C:\Users\temych\PycharmProjects\sortFiles\venv\Lib\site-packages\PyInstaller\hooks\hook-PyQt6.QAxContainer.py;hook-PySide6.QtLocation.py;C:\Users\temych\PycharmProjects\sortFiles\venv\Lib\site-packages\PyInstaller\hooks\hook-PySide6.QtLocation.py
hook-PyQt6.QAxContainer.py;C:\Users\temych\PycharmProjects\sortFiles\venv\Lib\site-packages\PyInstaller\hooks\hook-PyQt6.QAxContainer.py;hook-PySide6.QtMultimediaWidgets.py;C:\Users\temych\PycharmProjects\sortFiles\venv\Lib\site-packages\PyInstaller\hooks\hook-PySide6.QtMultimediaWidgets.py
hook-PyQt6.QAxContainer.py;C:\Users\temych\PycharmProjects\sortFiles\venv\Lib\site-packages\PyInstaller\hooks\hook-PyQt6.QAxContainer.py;hook-PySide6.QtNetworkAuth.py;C:\Users\temych\PycharmProjects\sortFiles\venv\Lib\site-packages\PyInstaller\hooks\hook-PySide6.QtNetworkAuth.py
hook-PyQt6.QAxContainer.py;C:\Users\temych\PycharmProjects\sortFiles\venv\Lib\site-packages\PyInstaller\hooks\hook-PyQt6.QAxContainer.py;hook-PySide6.QtNfc.py;C:\Users\temych\PycharmProjects\sortFiles\venv\Lib\site-packages\PyInstaller\hooks\hook-PySide6.QtNfc.py
hook-PyQt6.QtCore.py;C:\Users\temych\PycharmProjects\sortFiles\venv\Lib\site-packages\PyInstaller\hooks\hook-PyQt6.QtCore.py;hook-PySide6.QtOpenGL.py;C:\Users\temych\PycharmProjects\sortFiles\venv\Lib\site-packages\PyInstaller\hooks\hook-PySide6.QtOpenGL.py
hook-PyQt6.QtCore.py;C:\Users\temych\PycharmProjects\sortFiles\venv\Lib\site-packages\PyInstaller\hooks\hook-PyQt6.QtCore.py;hook-PySide6.QtOpenGLWidgets.py;C:\Users\temych\PycharmProjects\sortFiles\venv\Lib\site-packages\PyInstaller\hooks\hook-PySide6.QtOpenGLWidgets.py
hook-PyQt6.QAxContainer.py;C:\Users\temych\PycharmProjects\sortFiles\venv\Lib\site-packages\PyInstaller\hooks\hook-PyQt6.QAxContainer.py;hook-PySide6.QtPdf.py;C:\Users\temych\PycharmProjects\sortFiles\venv\Lib\site-packages\PyInstaller\hooks\hook-PySide6.QtPdf.py
hook-PyQt6.QAxContainer.py;C:\Users\temych\PycharmProjects\sortFiles\venv\Lib\site-packages\PyInstaller\hooks\hook-PyQt6.QAxContainer.py;hook-PySide6.QtPdfWidgets.py;C:\Users\temych\PycharmProjects\sortFiles\venv\Lib\site-packages\PyInstaller\hooks\hook-PySide6.QtPdfWidgets.py
hook-PyQt6.QAxContainer.py;C:\Users\temych\PycharmProjects\sortFiles\venv\Lib\site-packages\PyInstaller\hooks\hook-PyQt6.QAxContainer.py;hook-PySide6.QtPositioning.py;C:\Users\temych\PycharmProjects\sortFiles\venv\Lib\site-packages\PyInstaller\hooks\hook-PySide6.QtPositioning.py
hook-PyQt6.QtCore.py;C:\Users\temych\PycharmProjects\sortFiles\venv\Lib\site-packages\PyInstaller\hooks\hook-PyQt6.QtCore.py;hook-PySide6.QtPrintSupport.py;C:\Users\temych\PycharmProjects\sortFiles\venv\Lib\site-packages\PyInstaller\hooks\hook-PySide6.QtPrintSupport.py
hook-PyQt6.QtCore.py;C:\Users\temych\PycharmProjects\sortFiles\venv\Lib\site-packages\PyInstaller\hooks\hook-PyQt6.QtCore.py;hook-PySide6.QtQuick.py;C:\Users\temych\PycharmProjects\sortFiles\venv\Lib\site-packages\PyInstaller\hooks\hook-PySide6.QtQuick.py
hook-PyQt6.QAxContainer.py;C:\Users\temych\PycharmProjects\sortFiles\venv\Lib\site-packages\PyInstaller\hooks\hook-PyQt6.QAxContainer.py;hook-PySide6.QtQuick3D.py;C:\Users\temych\PycharmProjects\sortFiles\venv\Lib\site-packages\PyInstaller\hooks\hook-PySide6.QtQuick3D.py
hook-PyQt6.QtCore.py;C:\Users\temych\PycharmProjects\sortFiles\venv\Lib\site-packages\PyInstaller\hooks\hook-PyQt6.QtCore.py;hook-PySide6.QtQuickWidgets.py;C:\Users\temych\PycharmProjects\sortFiles\venv\Lib\site-packages\PyInstaller\hooks\hook-PySide6.QtQuickWidgets.py
hook-PyQt6.QAxContainer.py;C:\Users\temych\PycharmProjects\sortFiles\venv\Lib\site-packages\PyInstaller\hooks\hook-PyQt6.QAxContainer.py;hook-PySide6.QtRemoteObjects.py;C:\Users\temych\PycharmProjects\sortFiles\venv\Lib\site-packages\PyInstaller\hooks\hook-PySide6.QtRemoteObjects.py
hook-PyQt6.QAxContainer.py;C:\Users\temych\PycharmProjects\sortFiles\venv\Lib\site-packages\PyInstaller\hooks\hook-PyQt6.QAxContainer.py;hook-PySide6.QtScxml.py;C:\Users\temych\PycharmProjects\sortFiles\venv\Lib\site-packages\PyInstaller\hooks\hook-PySide6.QtScxml.py
hook-PyQt6.QAxContainer.py;C:\Users\temych\PycharmProjects\sortFiles\venv\Lib\site-packages\PyInstaller\hooks\hook-PyQt6.QAxContainer.py;hook-PySide6.QtSensors.py;C:\Users\temych\PycharmProjects\sortFiles\venv\Lib\site-packages\PyInstaller\hooks\hook-PySide6.QtSensors.py
hook-PyQt6.QAxContainer.py;C:\Users\temych\PycharmProjects\sortFiles\venv\Lib\site-packages\PyInstaller\hooks\hook-PyQt6.QAxContainer.py;hook-PySide6.QtSerialBus.py;C:\Users\temych\PycharmProjects\sortFiles\venv\Lib\site-packages\PyInstaller\hooks\hook-PySide6.QtSerialBus.py
hook-PyQt6.QAxContainer.py;C:\Users\temych\PycharmProjects\sortFiles\venv\Lib\site-packages\PyInstaller\hooks\hook-PyQt6.QAxContainer.py;hook-PySide6.QtSerialPort.py;C:\Users\temych\PycharmProjects\sortFiles\venv\Lib\site-packages\PyInstaller\hooks\hook-PySide6.QtSerialPort.py
hook-PyQt6.QAxContainer.py;C:\Users\temych\PycharmProjects\sortFiles\venv\Lib\site-packages\PyInstaller\hooks\hook-PyQt6.QAxContainer.py;hook-PySide6.QtSpatialAudio.py;C:\Users\temych\PycharmProjects\sortFiles\venv\Lib\site-packages\PyInstaller\hooks\hook-PySide6.QtSpatialAudio.py
hook-PyQt6.QtCore.py;C:\Users\temych\PycharmProjects\sortFiles\venv\Lib\site-packages\PyInstaller\hooks\hook-PyQt6.QtCore.py;hook-PySide6.QtSql.py;C:\Users\temych\PycharmProjects\sortFiles\venv\Lib\site-packages\PyInstaller\hooks\hook-PySide6.QtSql.py
hook-PyQt6.QAxContainer.py;C:\Users\temych\PycharmProjects\sortFiles\venv\Lib\site-packages\PyInstaller\hooks\hook-PyQt6.QAxContainer.py;hook-PySide6.QtStateMachine.py;C:\Users\temych\PycharmProjects\sortFiles\venv\Lib\site-packages\PyInstaller\hooks\hook-PySide6.QtStateMachine.py
hook-PyQt6.QtCore.py;C:\Users\temych\PycharmProjects\sortFiles\venv\Lib\site-packages\PyInstaller\hooks\hook-PyQt6.QtCore.py;hook-PySide6.QtSvg.py;C:\Users\temych\PycharmProjects\sortFiles\venv\Lib\site-packages\PyInstaller\hooks\hook-PySide6.QtSvg.py
hook-PyQt6.QAxContainer.py;C:\Users\temych\PycharmProjects\sortFiles\venv\Lib\site-packages\PyInstaller\hooks\hook-PyQt6.QAxContainer.py;hook-PySide6.QtSvgWidgets.py;C:\Users\temych\PycharmProjects\sortFiles\venv\Lib\site-packages\PyInstaller\hooks\hook-PySide6.QtSvgWidgets.py
hook-PyQt6.QtCore.py;C:\Users\temych\PycharmProjects\sortFiles\venv\Lib\site-packages\PyInstaller\hooks\hook-PyQt6.QtCore.py;hook-PySide6.QtTest.py;C:\Users\temych\PycharmProjects\sortFiles\venv\Lib\site-packages\PyInstaller\hooks\hook-PySide6.QtTest.py
hook-PyQt6.QAxContainer.py;C:\Users\temych\PycharmProjects\sortFiles\venv\Lib\site-packages\PyInstaller\hooks\hook-PyQt6.QAxContainer.py;hook-PySide6.QtTextToSpeech.py;C:\Users\temych\PycharmProjects\sortFiles\venv\Lib\site-packages\PyInstaller\hooks\hook-PySide6.QtTextToSpeech.py
hook-PyQt6.QtCore.py;C:\Users\temych\PycharmProjects\sortFiles\venv\Lib\site-packages\PyInstaller\hooks\hook-PyQt6.QtCore.py;hook-PySide6.QtUiTools.py;C:\Users\temych\PycharmProjects\sortFiles\venv\Lib\site-packages\PyInstaller\hooks\hook-PySide6.QtUiTools.py
hook-PyQt6.QAxContainer.py;C:\Users\temych\PycharmProjects\sortFiles\venv\Lib\site-packages\PyInstaller\hooks\hook-PyQt6.QAxContainer.py;hook-PySide6.QtWebChannel.py;C:\Users\temych\PycharmProjects\sortFiles\venv\Lib\site-packages\PyInstaller\hooks\hook-PySide6.QtWebChannel.py
hook-PyQt6.QtWebEngineQuick.py;C:\Users\temych\PycharmProjects\sortFiles\venv\Lib\site-packages\PyInstaller\hooks\hook-PyQt6.QtWebEngineQuick.py;hook-PySide6.QtWebEngineQuick.py;C:\Users\temych\PycharmProjects\sortFiles\venv\Lib\site-packages\PyInstaller\hooks\hook-PySide6.QtWebEngineQuick.py
hook-PyQt6.QtWebEngineQuick.py;C:\Users\temych\PycharmProjects\sortFiles\venv\Lib\site-packages\PyInstaller\hooks\hook-PyQt6.QtWebEngineQuick.py;hook-PySide6.QtWebEngineWidgets.py;C:\Users\temych\PycharmProjects\sortFiles\venv\Lib\site-packages\PyInstaller\hooks\hook-PySide6.QtWebEngineWidgets.py
hook-PyQt6.QAxContainer.py;C:\Users\temych\PycharmProjects\sortFiles\venv\Lib\site-packages\PyInstaller\hooks\hook-PyQt6.QAxContainer.py;hook-PySide6.QtWebSockets.py;C:\Users\temych\PycharmProjects\sortFiles\venv\Lib\site-packages\PyInstaller\hooks\hook-PySide6.QtWebSockets.py
hook-PyQt6.QtCore.py;C:\Users\temych\PycharmProjects\sortFiles\venv\Lib\site-packages\PyInstaller\hooks\hook-PyQt6.QtCore.py;hook-PySide6.QtWidgets.py;C:\Users\temych\PycharmProjects\sortFiles\venv\Lib\site-packages\PyInstaller\hooks\hook-PySide6.QtWidgets.py
hook-PyQt6.QtCore.py;C:\Users\temych\PycharmProjects\sortFiles\venv\Lib\site-packages\PyInstaller\hooks\hook-PyQt6.QtCore.py;hook-PySide6.QtXml.py;C:\Users\temych\PycharmProjects\sortFiles\venv\Lib\site-packages\PyInstaller\hooks\hook-PySide6.QtXml.py
hook-distutils.command.check.py;C:\Users\temych\PycharmProjects\sortFiles\venv\Lib\site-packages\PyInstaller\hooks\hook-distutils.command.check.py;hook-setuptools._distutils.command.check.py;C:\Users\temych\PycharmProjects\sortFiles\venv\Lib\site-packages\PyInstaller\hooks\hook-setuptools._distutils.command.check.py
hook-gi.repository.Adw.py;C:\Users\temych\PycharmProjects\sortFiles\venv\Lib\site-packages\PyInstaller\hooks\pre_safe_import_module\hook-gi.repository.Adw.py;hook-gi.repository.Atk.py;C:\Users\temych\PycharmProjects\sortFiles\venv\Lib\site-packages\PyInstaller\hooks\pre_safe_import_module\hook-gi.repository.Atk.py
hook-gi.repository.Adw.py;C:\Users\temych\PycharmProjects\sortFiles\venv\Lib\site-packages\PyInstaller\hooks\pre_safe_import_module\hook-gi.repository.Adw.py;hook-gi.repository.cairo.py;C:\Users\temych\PycharmProjects\sortFiles\venv\Lib\site-packages\PyInstaller\hooks\pre_safe_import_module\hook-gi.repository.cairo.py
hook-gi.repository.Adw.py;C:\Users\temych\PycharmProjects\sortFiles\venv\Lib\site-packages\PyInstaller\hooks\pre_safe_import_module\hook-gi.repository.Adw.py;hook-gi.repository.Champlain.py;C:\Users\temych\PycharmProjects\sortFiles\venv\Lib\site-packages\PyInstaller\hooks\pre_safe_import_module\hook-gi.repository.Champlain.py
hook-gi.repository.Adw.py;C:\Users\temych\PycharmProjects\sortFiles\venv\Lib\site-packages\PyInstaller\hooks\pre_safe_import_module\hook-gi.repository.Adw.py;hook-gi.repository.Clutter.py;C:\Users\temych\PycharmProjects\sortFiles\venv\Lib\site-packages\PyInstaller\hooks\pre_safe_import_module\hook-gi.repository.Clutter.py
hook-gi.repository.Adw.py;C:\Users\temych\PycharmProjects\sortFiles\venv\Lib\site-packages\PyInstaller\hooks\pre_safe_import_module\hook-gi.repository.Adw.py;hook-gi.repository.freetype2.py;C:\Users\temych\PycharmProjects\sortFiles\venv\Lib\site-packages\PyInstaller\hooks\pre_safe_import_module\hook-gi.repository.freetype2.py
hook-gi.repository.Adw.py;C:\Users\temych\PycharmProjects\sortFiles\venv\Lib\site-packages\PyInstaller\hooks\pre_safe_import_module\hook-gi.repository.Adw.py;hook-gi.repository.Gdk.py;C:\Users\temych\PycharmProjects\sortFiles\venv\Lib\site-packages\PyInstaller\hooks\pre_safe_import_module\hook-gi.repository.Gdk.py
hook-gi.repository.Adw.py;C:\Users\temych\PycharmProjects\sortFiles\venv\Lib\site-packages\PyInstaller\hooks\pre_safe_import_module\hook-gi.repository.Adw.py;hook-gi.repository.GdkPixbuf.py;C:\Users\temych\PycharmProjects\sortFiles\venv\Lib\site-packages\PyInstaller\hooks\pre_safe_import_module\hook-gi.repository.GdkPixbuf.py
hook-gi.repository.Adw.py;C:\Users\temych\PycharmProjects\sortFiles\venv\Lib\site-packages\PyInstaller\hooks\pre_safe_import_module\hook-gi.repository.Adw.py;hook-gi.repository.Gio.py;C:\Users\temych\PycharmProjects\sortFiles\venv\Lib\site-packages\PyInstaller\hooks\pre_safe_import_module\hook-gi.repository.Gio.py
hook-gi.repository.Adw.py;C:\Users\temych\PycharmProjects\sortFiles\venv\Lib\site-packages\PyInstaller\hooks\pre_safe_import_module\hook-gi.repository.Adw.py;hook-gi.repository.GIRepository.py;C:\Users\temych\PycharmProjects\sortFiles\venv\Lib\site-packages\PyInstaller\hooks\pre_safe_import_module\hook-gi.repository.GIRepository.py
hook-gi.repository.Adw.py;C:\Users\temych\PycharmProjects\sortFiles\venv\Lib\site-packages\PyInstaller\hooks\pre_safe_import_module\hook-gi.repository.Adw.py;hook-gi.repository.GLib.py;C:\Users\temych\PycharmProjects\sortFiles\venv\Lib\site-packages\PyInstaller\hooks\pre_safe_import_module\hook-gi.repository.GLib.py
hook-gi.repository.Adw.py;C:\Users\temych\PycharmProjects\sortFiles\venv\Lib\site-packages\PyInstaller\hooks\pre_safe_import_module\hook-gi.repository.Adw.py;hook-gi.repository.GModule.py;C:\Users\temych\PycharmProjects\sortFiles\venv\Lib\site-packages\PyInstaller\hooks\pre_safe_import_module\hook-gi.repository.GModule.py
hook-gi.repository.Adw.py;C:\Users\temych\PycharmProjects\sortFiles\venv\Lib\site-packages\PyInstaller\hooks\pre_safe_import_module\hook-gi.repository.Adw.py;hook-gi.repository.GObject.py;C:\Users\temych\PycharmProjects\sortFiles\venv\Lib\site-packages\PyInstaller\hooks\pre_safe_import_module\hook-gi.repository.GObject.py
hook-gi.repository.Adw.py;C:\Users\temych\PycharmProjects\sortFiles\venv\Lib\site-packages\PyInstaller\hooks\pre_safe_import_module\hook-gi.repository.Adw.py;hook-gi.repository.Graphene.py;C:\Users\temych\PycharmProjects\sortFiles\venv\Lib\site-packages\PyInstaller\hooks\pre_safe_import_module\hook-gi.repository.Graphene.py
hook-gi.repository.Adw.py;C:\Users\temych\PycharmProjects\sortFiles\venv\Lib\site-packages\PyInstaller\hooks\pre_safe_import_module\hook-gi.repository.Adw.py;hook-gi.repository.Gsk.py;C:\Users\temych\PycharmProjects\sortFiles\venv\Lib\site-packages\PyInstaller\hooks\pre_safe_import_module\hook-gi.repository.Gsk.py
hook-gi.repository.Adw.py;C:\Users\temych\PycharmProjects\sortFiles\venv\Lib\site-packages\PyInstaller\hooks\pre_safe_import_module\hook-gi.repository.Adw.py;hook-gi.repository.Gst.py;C:\Users\temych\PycharmProjects\sortFiles\venv\Lib\site-packages\PyInstaller\hooks\pre_safe_import_module\hook-gi.repository.Gst.py
hook-gi.repository.Adw.py;C:\Users\temych\PycharmProjects\sortFiles\venv\Lib\site-packages\PyInstaller\hooks\pre_safe_import_module\hook-gi.repository.Adw.py;hook-gi.repository.GstAllocators.py;C:\Users\temych\PycharmProjects\sortFiles\venv\Lib\site-packages\PyInstaller\hooks\pre_safe_import_module\hook-gi.repository.GstAllocators.py
hook-gi.repository.Adw.py;C:\Users\temych\PycharmProjects\sortFiles\venv\Lib\site-packages\PyInstaller\hooks\pre_safe_import_module\hook-gi.repository.Adw.py;hook-gi.repository.GstApp.py;C:\Users\temych\PycharmProjects\sortFiles\venv\Lib\site-packages\PyInstaller\hooks\pre_safe_import_module\hook-gi.repository.GstApp.py
hook-gi.repository.Adw.py;C:\Users\temych\PycharmProjects\sortFiles\venv\Lib\site-packages\PyInstaller\hooks\pre_safe_import_module\hook-gi.repository.Adw.py;hook-gi.repository.GstAudio.py;C:\Users\temych\PycharmProjects\sortFiles\venv\Lib\site-packages\PyInstaller\hooks\pre_safe_import_module\hook-gi.repository.GstAudio.py
hook-gi.repository.Adw.py;C:\Users\temych\PycharmProjects\sortFiles\venv\Lib\site-packages\PyInstaller\hooks\pre_safe_import_module\hook-gi.repository.Adw.py;hook-gi.repository.GstBadAudio.py;C:\Users\temych\PycharmProjects\sortFiles\venv\Lib\site-packages\PyInstaller\hooks\pre_safe_import_module\hook-gi.repository.GstBadAudio.py
hook-gi.repository.Adw.py;C:\Users\temych\PycharmProjects\sortFiles\venv\Lib\site-packages\PyInstaller\hooks\pre_safe_import_module\hook-gi.repository.Adw.py;hook-gi.repository.GstBase.py;C:\Users\temych\PycharmProjects\sortFiles\venv\Lib\site-packages\PyInstaller\hooks\pre_safe_import_module\hook-gi.repository.GstBase.py
hook-gi.repository.Adw.py;C:\Users\temych\PycharmProjects\sortFiles\venv\Lib\site-packages\PyInstaller\hooks\pre_safe_import_module\hook-gi.repository.Adw.py;hook-gi.repository.GstCheck.py;C:\Users\temych\PycharmProjects\sortFiles\venv\Lib\site-packages\PyInstaller\hooks\pre_safe_import_module\hook-gi.repository.GstCheck.py
hook-gi.repository.Adw.py;C:\Users\temych\PycharmProjects\sortFiles\venv\Lib\site-packages\PyInstaller\hooks\pre_safe_import_module\hook-gi.repository.Adw.py;hook-gi.repository.GstCodecs.py;C:\Users\temych\PycharmProjects\sortFiles\venv\Lib\site-packages\PyInstaller\hooks\pre_safe_import_module\hook-gi.repository.GstCodecs.py
hook-gi.repository.Adw.py;C:\Users\temych\PycharmProjects\sortFiles\venv\Lib\site-packages\PyInstaller\hooks\pre_safe_import_module\hook-gi.repository.Adw.py;hook-gi.repository.GstController.py;C:\Users\temych\PycharmProjects\sortFiles\venv\Lib\site-packages\PyInstaller\hooks\pre_safe_import_module\hook-gi.repository.GstController.py
hook-gi.repository.Adw.py;C:\Users\temych\PycharmProjects\sortFiles\venv\Lib\site-packages\PyInstaller\hooks\pre_safe_import_module\hook-gi.repository.Adw.py;hook-gi.repository.GstGL.py;C:\Users\temych\PycharmProjects\sortFiles\venv\Lib\site-packages\PyInstaller\hooks\pre_safe_import_module\hook-gi.repository.GstGL.py
hook-gi.repository.Adw.py;C:\Users\temych\PycharmProjects\sortFiles\venv\Lib\site-packages\PyInstaller\hooks\pre_safe_import_module\hook-gi.repository.Adw.py;hook-gi.repository.GstGLEGL.py;C:\Users\temych\PycharmProjects\sortFiles\venv\Lib\site-packages\PyInstaller\hooks\pre_safe_import_module\hook-gi.repository.GstGLEGL.py
hook-gi.repository.Adw.py;C:\Users\temych\PycharmProjects\sortFiles\venv\Lib\site-packages\PyInstaller\hooks\pre_safe_import_module\hook-gi.repository.Adw.py;hook-gi.repository.GstGLWayland.py;C:\Users\temych\PycharmProjects\sortFiles\venv\Lib\site-packages\PyInstaller\hooks\pre_safe_import_module\hook-gi.repository.GstGLWayland.py
hook-gi.repository.Adw.py;C:\Users\temych\PycharmProjects\sortFiles\venv\Lib\site-packages\PyInstaller\hooks\pre_safe_import_module\hook-gi.repository.Adw.py;hook-gi.repository.GstGLX11.py;C:\Users\temych\PycharmProjects\sortFiles\venv\Lib\site-packages\PyInstaller\hooks\pre_safe_import_module\hook-gi.repository.GstGLX11.py
hook-gi.repository.Adw.py;C:\Users\temych\PycharmProjects\sortFiles\venv\Lib\site-packages\PyInstaller\hooks\pre_safe_import_module\hook-gi.repository.Adw.py;hook-gi.repository.GstInsertBin.py;C:\Users\temych\PycharmProjects\sortFiles\venv\Lib\site-packages\PyInstaller\hooks\pre_safe_import_module\hook-gi.repository.GstInsertBin.py
hook-gi.repository.Adw.py;C:\Users\temych\PycharmProjects\sortFiles\venv\Lib\site-packages\PyInstaller\hooks\pre_safe_import_module\hook-gi.repository.Adw.py;hook-gi.repository.GstMpegts.py;C:\Users\temych\PycharmProjects\sortFiles\venv\Lib\site-packages\PyInstaller\hooks\pre_safe_import_module\hook-gi.repository.GstMpegts.py
hook-gi.repository.Adw.py;C:\Users\temych\PycharmProjects\sortFiles\venv\Lib\site-packages\PyInstaller\hooks\pre_safe_import_module\hook-gi.repository.Adw.py;hook-gi.repository.GstNet.py;C:\Users\temych\PycharmProjects\sortFiles\venv\Lib\site-packages\PyInstaller\hooks\pre_safe_import_module\hook-gi.repository.GstNet.py
hook-gi.repository.Adw.py;C:\Users\temych\PycharmProjects\sortFiles\venv\Lib\site-packages\PyInstaller\hooks\pre_safe_import_module\hook-gi.repository.Adw.py;hook-gi.repository.GstPbutils.py;C:\Users\temych\PycharmProjects\sortFiles\venv\Lib\site-packages\PyInstaller\hooks\pre_safe_import_module\hook-gi.repository.GstPbutils.py
hook-gi.repository.Adw.py;C:\Users\temych\PycharmProjects\sortFiles\venv\Lib\site-packages\PyInstaller\hooks\pre_safe_import_module\hook-gi.repository.Adw.py;hook-gi.repository.GstPlay.py;C:\Users\temych\PycharmProjects\sortFiles\venv\Lib\site-packages\PyInstaller\hooks\pre_safe_import_module\hook-gi.repository.GstPlay.py
hook-gi.repository.Adw.py;C:\Users\temych\PycharmProjects\sortFiles\venv\Lib\site-packages\PyInstaller\hooks\pre_safe_import_module\hook-gi.repository.Adw.py;hook-gi.repository.GstPlayer.py;C:\Users\temych\PycharmProjects\sortFiles\venv\Lib\site-packages\PyInstaller\hooks\pre_safe_import_module\hook-gi.repository.GstPlayer.py
hook-gi.repository.Adw.py;C:\Users\temych\PycharmProjects\sortFiles\venv\Lib\site-packages\PyInstaller\hooks\pre_safe_import_module\hook-gi.repository.Adw.py;hook-gi.repository.GstRtp.py;C:\Users\temych\PycharmProjects\sortFiles\venv\Lib\site-packages\PyInstaller\hooks\pre_safe_import_module\hook-gi.repository.GstRtp.py
hook-gi.repository.Adw.py;C:\Users\temych\PycharmProjects\sortFiles\venv\Lib\site-packages\PyInstaller\hooks\pre_safe_import_module\hook-gi.repository.Adw.py;hook-gi.repository.GstRtsp.py;C:\Users\temych\PycharmProjects\sortFiles\venv\Lib\site-packages\PyInstaller\hooks\pre_safe_import_module\hook-gi.repository.GstRtsp.py
hook-gi.repository.Adw.py;C:\Users\temych\PycharmProjects\sortFiles\venv\Lib\site-packages\PyInstaller\hooks\pre_safe_import_module\hook-gi.repository.Adw.py;hook-gi.repository.GstRtspServer.py;C:\Users\temych\PycharmProjects\sortFiles\venv\Lib\site-packages\PyInstaller\hooks\pre_safe_import_module\hook-gi.repository.GstRtspServer.py
hook-gi.repository.Adw.py;C:\Users\temych\PycharmProjects\sortFiles\venv\Lib\site-packages\PyInstaller\hooks\pre_safe_import_module\hook-gi.repository.Adw.py;hook-gi.repository.GstSdp.py;C:\Users\temych\PycharmProjects\sortFiles\venv\Lib\site-packages\PyInstaller\hooks\pre_safe_import_module\hook-gi.repository.GstSdp.py
hook-gi.repository.Adw.py;C:\Users\temych\PycharmProjects\sortFiles\venv\Lib\site-packages\PyInstaller\hooks\pre_safe_import_module\hook-gi.repository.Adw.py;hook-gi.repository.GstTag.py;C:\Users\temych\PycharmProjects\sortFiles\venv\Lib\site-packages\PyInstaller\hooks\pre_safe_import_module\hook-gi.repository.GstTag.py
hook-gi.repository.Adw.py;C:\Users\temych\PycharmProjects\sortFiles\venv\Lib\site-packages\PyInstaller\hooks\pre_safe_import_module\hook-gi.repository.Adw.py;hook-gi.repository.GstTranscoder.py;C:\Users\temych\PycharmProjects\sortFiles\venv\Lib\site-packages\PyInstaller\hooks\pre_safe_import_module\hook-gi.repository.GstTranscoder.py
hook-gi.repository.Adw.py;C:\Users\temych\PycharmProjects\sortFiles\venv\Lib\site-packages\PyInstaller\hooks\pre_safe_import_module\hook-gi.repository.Adw.py;hook-gi.repository.GstVulkan.py;C:\Users\temych\PycharmProjects\sortFiles\venv\Lib\site-packages\PyInstaller\hooks\pre_safe_import_module\hook-gi.repository.GstVulkan.py
hook-gi.repository.Adw.py;C:\Users\temych\PycharmProjects\sortFiles\venv\Lib\site-packages\PyInstaller\hooks\pre_safe_import_module\hook-gi.repository.Adw.py;hook-gi.repository.GstVulkanWayland.py;C:\Users\temych\PycharmProjects\sortFiles\venv\Lib\site-packages\PyInstaller\hooks\pre_safe_import_module\hook-gi.repository.GstVulkanWayland.py
hook-gi.repository.Adw.py;C:\Users\temych\PycharmProjects\sortFiles\venv\Lib\site-packages\PyInstaller\hooks\pre_safe_import_module\hook-gi.repository.Adw.py;hook-gi.repository.GstVulkanXCB.py;C:\Users\temych\PycharmProjects\sortFiles\venv\Lib\site-packages\PyInstaller\hooks\pre_safe_import_module\hook-gi.repository.GstVulkanXCB.py
hook-gi.repository.Adw.py;C:\Users\temych\PycharmProjects\sortFiles\venv\Lib\site-packages\PyInstaller\hooks\pre_safe_import_module\hook-gi.repository.Adw.py;hook-gi.repository.GstWebRTC.py;C:\Users\temych\PycharmProjects\sortFiles\venv\Lib\site-packages\PyInstaller\hooks\pre_safe_import_module\hook-gi.repository.GstWebRTC.py
hook-gi.repository.Adw.py;C:\Users\temych\PycharmProjects\sortFiles\venv\Lib\site-packages\PyInstaller\hooks\pre_safe_import_module\hook-gi.repository.Adw.py;hook-gi.repository.Gtk.py;C:\Users\temych\PycharmProjects\sortFiles\venv\Lib\site-packages\PyInstaller\hooks\pre_safe_import_module\hook-gi.repository.Gtk.py
hook-gi.repository.Adw.py;C:\Users\temych\PycharmProjects\sortFiles\venv\Lib\site-packages\PyInstaller\hooks\pre_safe_import_module\hook-gi.repository.Adw.py;hook-gi.repository.GtkChamplain.py;C:\Users\temych\PycharmProjects\sortFiles\venv\Lib\site-packages\PyInstaller\hooks\pre_safe_import_module\hook-gi.repository.GtkChamplain.py
hook-gi.repository.Adw.py;C:\Users\temych\PycharmProjects\sortFiles\venv\Lib\site-packages\PyInstaller\hooks\pre_safe_import_module\hook-gi.repository.Adw.py;hook-gi.repository.GtkClutter.py;C:\Users\temych\PycharmProjects\sortFiles\venv\Lib\site-packages\PyInstaller\hooks\pre_safe_import_module\hook-gi.repository.GtkClutter.py
hook-gi.repository.Adw.py;C:\Users\temych\PycharmProjects\sortFiles\venv\Lib\site-packages\PyInstaller\hooks\pre_safe_import_module\hook-gi.repository.Adw.py;hook-gi.repository.GtkosxApplication.py;C:\Users\temych\PycharmProjects\sortFiles\venv\Lib\site-packages\PyInstaller\hooks\pre_safe_import_module\hook-gi.repository.GtkosxApplication.py
hook-gi.repository.Adw.py;C:\Users\temych\PycharmProjects\sortFiles\venv\Lib\site-packages\PyInstaller\hooks\pre_safe_import_module\hook-gi.repository.Adw.py;hook-gi.repository.GtkSource.py;C:\Users\temych\PycharmProjects\sortFiles\venv\Lib\site-packages\PyInstaller\hooks\pre_safe_import_module\hook-gi.repository.GtkSource.py
hook-gi.repository.Adw.py;C:\Users\temych\PycharmProjects\sortFiles\venv\Lib\site-packages\PyInstaller\hooks\pre_safe_import_module\hook-gi.repository.Adw.py;hook-gi.repository.HarfBuzz.py;C:\Users\temych\PycharmProjects\sortFiles\venv\Lib\site-packages\PyInstaller\hooks\pre_safe_import_module\hook-gi.repository.HarfBuzz.py
hook-gi.repository.Adw.py;C:\Users\temych\PycharmProjects\sortFiles\venv\Lib\site-packages\PyInstaller\hooks\pre_safe_import_module\hook-gi.repository.Adw.py;hook-gi.repository.Pango.py;C:\Users\temych\PycharmProjects\sortFiles\venv\Lib\site-packages\PyInstaller\hooks\pre_safe_import_module\hook-gi.repository.Pango.py
hook-gi.repository.Adw.py;C:\Users\temych\PycharmProjects\sortFiles\venv\Lib\site-packages\PyInstaller\hooks\pre_safe_import_module\hook-gi.repository.Adw.py;hook-gi.repository.PangoCairo.py;C:\Users\temych\PycharmProjects\sortFiles\venv\Lib\site-packages\PyInstaller\hooks\pre_safe_import_module\hook-gi.repository.PangoCairo.py
hook-gi.repository.Adw.py;C:\Users\temych\PycharmProjects\sortFiles\venv\Lib\site-packages\PyInstaller\hooks\pre_safe_import_module\hook-gi.repository.Adw.py;hook-gi.repository.xlib.py;C:\Users\temych\PycharmProjects\sortFiles\venv\Lib\site-packages\PyInstaller\hooks\pre_safe_import_module\hook-gi.repository.xlib.py
present_1.odp;C:\Users\temych\PycharmProjects\sortFiles\forTest\folder 1\present_1.odp;REQUESTED;C:\Users\temych\PycharmProjects\sortFiles\venv\Lib\site-packages\pyinstaller-6.2.0.dist-info\REQUESTED
cli-32.exe;C:\Users\temych\PycharmProjects\sortFiles\venv\Lib\site-packages\setuptools\cli-32.exe;cli.exe;C:\Users\temych\PycharmProjects\sortFiles\venv\Lib\site-packages\setuptools\cli.exe
gui-32.exe;C:\Users\temych\PycharmProjects\sortFiles\venv\Lib\site-packages\setuptools\gui-32.exe;gui.exe;C:\Users\temych\PycharmProjects\sortFiles\venv\Lib\site-packages\setuptools\gui.exe
present_1.odp;C:\Users\temych\PycharmProjects\sortFiles\forTest\folder 1\present_1.odp;__init__.py;C:\Users\temych\PycharmProjects\sortFiles\venv\Lib\site-packages\setuptools\_vendor\__init__.py
present_1.odp;C:\Users\temych\PycharmProjects\sortFiles\forTest\folder 1\present_1.odp;__init__.py;C:\Users\temych\PycharmProjects\sortFiles\venv\Lib\site-packages\setuptools\_vendor\jaraco\__init__.py
present_1.odp;C:\Users\temych\PycharmProjects\sortFiles\forTest\folder 1\present_1.odp;REQUESTED;C:\Users\temych\PycharmProjects\sortFiles\venv\Lib\site-packages\tqdm-4.66.1.dist-info\REQUESTED
present_1.odp;C:\Users\temych\PycharmProjects\sortFiles\forTest\folder 1\present_1.odp;__init__.py;C:\Users\temych\PycharmProjects\sortFiles\venv\Lib\site-packages\wheel\vendored\__init__.py
present_1.odp;C:\Users\temych\PycharmProjects\sortFiles\forTest\folder 1\present_1.odp;__init__.py;C:\Users\temych\PycharmProjects\sortFiles\venv\Lib\site-packages\wheel\vendored\packaging\__init__.py
pyi_rth_pythoncom.py;C:\Users\temych\PycharmProjects\sortFiles\venv\Lib\site-packages\_pyinstaller_hooks_contrib\hooks\rthooks\pyi_rth_pythoncom.py;pyi_rth_pywintypes.py;C:\Users\temych\PycharmProjects\sortFiles\venv\Lib\site-packages\_pyinstaller_hooks_contrib\hooks\rthooks\pyi_rth_pywintypes.py
hook-google.api.py;C:\Users\temych\PycharmProjects\sortFiles\venv\Lib\site-packages\_pyinstaller_hooks_contrib\hooks\stdhooks\hook-google.api.py;hook-google.api_core.py;C:\Users\temych\PycharmProjects\sortFiles\venv\Lib\site-packages\_pyinstaller_hooks_contrib\hooks\stdhooks\hook-google.api_core.py
hook-backports.zoneinfo.py;C:\Users\temych\PycharmProjects\sortFiles\venv\Lib\site-packages\_pyinstaller_hooks_contrib\hooks\stdhooks\hook-backports.zoneinfo.py;hook-zoneinfo.py;C:\Users\temych\PycharmProjects\sortFiles\venv\Lib\site-packages\_pyinstaller_hooks_contrib\hooks\stdhooks\hook-zoneinfo.py
pip-3.11.exe;C:\Users\temych\PycharmProjects\sortFiles\venv\Scripts\pip-3.11.exe;pip.exe;C:\Users\temych\PycharmProjects\sortFiles\venv\Scripts\pip.exe
pip-3.11.exe;C:\Users\temych\PycharmProjects\sortFiles\venv\Scripts\pip-3.11.exe;pip3.11.exe;C:\Users\temych\PycharmProjects\sortFiles\venv\Scripts\pip3.11.exe
pip-3.11.exe;C:\Users\temych\PycharmProjects\sortFiles\venv\Scripts\pip-3.11.exe;pip3.exe;C:\Users\temych\PycharmProjects\sortFiles\venv\Scripts\pip3.exe
wheel-3.11.exe;C:\Users\temych\PycharmProjects\sortFiles\venv\Scripts\wheel-3.11.exe;wheel.exe;C:\Users\temych\PycharmProjects\sortFiles\venv\Scripts\wheel.exe
wheel-3.11.exe;C:\Users\temych\PycharmProjects\sortFiles\venv\Scripts\wheel-3.11.exe;wheel3.11.exe;C:\Users\temych\PycharmProjects\sortFiles\venv\Scripts\wheel3.11.exe
wheel-3.11.exe;C:\Users\temych\PycharmProjects\sortFiles\venv\Scripts\wheel-3.11.exe;wheel3.exe;C:\Users\temych\PycharmProjects\sortFiles\venv\Scripts\wheel3.exe
